Player Name,Position,Team,Slate Type,Date,Role,Salary,Draftable ID,Projected FP,Combined FP,Value,Implied FP,Points,Rebounds,Assists,Threes,Blocks,Steals,Turnovers,PointsReboundsAssists,PointsRebounds,PointsAssists,ReboundsAssists,FreeThrowsAttempts,FreeThrowsMade,FieldGoals,AssistsQ1,ReboundsQ1,PointsQ1,BlocksSteals,Fantasy Score,Headshot URL,Game Start Time,Match Title (Underdog),Game Short Title (Underdog),Venue Name (Underdog),Venue Type (Underdog),Broadcasts (Underdog),Game Start Time (DRAFTTABLE),Player,Opp,AST Avg,BLK Avg,DRB Avg,FG Avg,FGA Avg,FPTS Avg,MIN Avg,ORB Avg,PTS Avg,REB Avg,STL Avg,TO Avg,DraftKings,FanDuel,PrizePicks,Underdog,Fav,Spread,O/U,Player Salary,Player Image,Tournament,EST. Return Date,Injury Status,Comment,Starter,Opp,PrizePicks,MIN Avg,DvP Projection,DVP Rank,Opp +/-,Average Projected,DVP Adjusted,Total Projection,Underdog Line,NBA Fantasy Score
Breanna Stewart,SF/PF,NYL,Classic,Wed Aug 05 2026 01:00:00 GMT-0500 (Central Daylight Time),"Classic 8/5 7:00PM, 4 Games",11700,43754718,0,0,0,35.1,,,,,,,,,,,,,,,,,,,,https://dkn.gs/sports/images/nba/players/50/50919.png,,,,,,,8/5/2026,Breanna Stewart,,,,,,,,,,,,,,,,,,,,,11700,https://dkn.gs/sports/images/nba/players/50/50919.png, @ ,,,,,,,0,0,,0,0,0,,0,0
Angel Reese,SF/PF,ATL,Classic,Wed Aug 05 2026 01:00:00 GMT-0500 (Central Daylight Time),"Classic 8/5 7:00PM, 4 Games",11400,43754720,0,0,0,34.2,,,,,,,,,,,,,,,,,,,,https://dkn.gs/sports/images/nba/players/50/786492.png,,,,,,,8/5/2026,Angel Reese,,,,,,,,,,,,,,,,,,,,,11400,https://dkn.gs/sports/images/nba/players/50/786492.png, @ ,,,,,,,0,0,,0,0,0,,0,0
Alyssa Thomas,SF/PF,PHX,Classic,Wed Aug 05 2026 01:00:00 GMT-0500 (Central Daylight Time),"Classic 8/5 7:00PM, 4 Games",11300,43754722,0,0,0,33.9,,,,,,,,,,,,,,,,,,,,https://dkn.gs/sports/images/nba/players/50/50793.png,,,,,,,8/5/2026,Alyssa Thomas,,,,,,,,,,,,,,,,,,,,,11300,https://dkn.gs/sports/images/nba/players/50/50793.png, @ ,,,,,,,0,0,,0,0,0,,0,0
Jessica Shepard,SF/PF,DAL,Classic,Wed Aug 05 2026 01:00:00 GMT-0500 (Central Daylight Time),"Classic 8/5 7:00PM, 4 Games",11200,43754724,0,0,0,33.6,,,,,,,,,,,,,,,,,,,,https://dkn.gs/sports/images/nba/players/50/50872.png,,,,,,,8/5/2026,Jessica Shepard,,,,,,,,,,,,,,,,,,,,,11200,https://dkn.gs/sports/images/nba/players/50/50872.png, @ ,,,,,,,0,0,,0,0,0,,0,0
Sabrina Ionescu,PG/SG,NYL,Classic,Wed Aug 05 2026 01:00:00 GMT-0500 (Central Daylight Time),"Classic 8/5 7:00PM, 4 Games",11100,43754726,0,0,0,33.3,,,,,,,,,,,,,,,,,,,,https://dkn.gs/sports/images/nba/players/50/485158.png,,,,,,,8/5/2026,Sabrina Ionescu,,,,,,,,,,,,,,,,,,,,,11100,https://dkn.gs/sports/images/nba/players/50/485158.png, @ ,,,,,,,0,0,,0,0,0,,0,0
Nneka Ogwumike,SF/PF,LAS,Classic,Wed Aug 05 2026 01:00:00 GMT-0500 (Central Daylight Time),"Classic 8/5 7:00PM, 4 Games",11000,43754728,0,0,0,33,,,,,,,,,,,,,,,,,,,,https://dkn.gs/sports/images/nba/players/50/50847.png,,,,,,,8/5/2026,Nneka Ogwumike,,,,,,,,,,,,,,,,,,,,,11000,https://dkn.gs/sports/images/nba/players/50/50847.png, @ ,,,,,,,0,0,,0,0,0,,0,0
Paige Bueckers,PG/SG,DAL,Classic,Wed Aug 05 2026 01:00:00 GMT-0500 (Central Daylight Time),"Classic 8/5 7:00PM, 4 Games",10700,43754730,0,0,0,32.1,,,,,,,,,,,,,,,,,,,,https://dkn.gs/sports/images/nba/players/50/890739.png,,,,,,,8/5/2026,Paige Bueckers,,,,,,,,,,,,,,,,,,,,,10700,https://dkn.gs/sports/images/nba/players/50/890739.png, @ ,,,,,,,0,0,,0,0,0,,0,0
Shakira Austin,SF/PF,WAS,Classic,Wed Aug 05 2026 01:00:00 GMT-0500 (Central Daylight Time),"Classic 8/5 7:00PM, 4 Games",10500,43754732,0,0,0,31.5,,,,,,,,,,,,,,,,,,,,https://dkn.gs/sports/images/nba/players/50/639222.png,,,,,,,8/5/2026,Shakira Austin,,,,,,,,,,,,,,,,,,,,,10500,https://dkn.gs/sports/images/nba/players/50/639222.png, @ ,,,,,,,0,0,,0,0,0,,0,0
Dearica Hamby,SF/PF,LAS,Classic,Wed Aug 05 2026 01:00:00 GMT-0500 (Central Daylight Time),"Classic 8/5 7:00PM, 4 Games",10200,43754734,0,0,0,30.6,,,,,,,,,,,,,,,,,,,,https://dkn.gs/sports/images/nba/players/50/50837.png,,,,,,,8/5/2026,Dearica Hamby,,,,,,,,,,,,,,,,,,,,,10200,https://dkn.gs/sports/images/nba/players/50/50837.png, @ ,,,,,,,0,0,,0,0,0,,0,0
Kelsey Plum,PG/SG,PHX,Classic,Wed Aug 05 2026 01:00:00 GMT-0500 (Central Daylight Time),"Classic 8/5 7:00PM, 4 Games",10100,43754736,0,0,0,30.3,,,,,,,,,,,,,,,,,,,,https://dkn.gs/sports/images/nba/players/50/50838.png,,,,,,,8/5/2026,Kelsey Plum,,,,,,,,,,,,,,,,,,,,,10100,https://dkn.gs/sports/images/nba/players/50/50838.png, @ ,,,,,,,0,0,,0,0,0,,0,0
Natisha Hiedeman,PG/SG,SEA,Classic,Wed Aug 05 2026 01:00:00 GMT-0500 (Central Daylight Time),"Classic 8/5 7:00PM, 4 Games",10000,43754738,0,0,0,30,,,,,,,,,,,,,,,,,,,,https://dkn.gs/sports/images/nba/players/50/50801.png,,,,,,,8/5/2026,Natisha Hiedeman,,,,,,,,,,,,,,,,,,,,,10000,https://dkn.gs/sports/images/nba/players/50/50801.png, @ ,,,,,,,0,0,,0,0,0,,0,0
Jonquel Jones,SF/PF,NYL,Classic,Wed Aug 05 2026 01:00:00 GMT-0500 (Central Daylight Time),"Classic 8/5 7:00PM, 4 Games",9900,43754740,0,0,0,29.7,,,,,,,,,,,,,,,,,,,,https://dkn.gs/sports/images/nba/players/50/50797.png,,,,,,,8/5/2026,Jonquel Jones,,,,,,,,,,,,,,,,,,,,,9900,https://dkn.gs/sports/images/nba/players/50/50797.png, @ ,,,,,,,0,0,,0,0,0,,0,0
Dominique Malonga,SF/PF,SEA,Classic,Wed Aug 05 2026 01:00:00 GMT-0500 (Central Daylight Time),"Classic 8/5 7:00PM, 4 Games",9800,43754742,0,0,0,29.4,,,,,,,,,,,,,,,,,,,,https://dkn.gs/sports/images/nba/players/50/790297.png,,,,,,,8/5/2026,Dominique Malonga,,,,,,,,,,,,,,,,,,,,,9800,https://dkn.gs/sports/images/nba/players/50/790297.png, @ ,,,,,,,0,0,,0,0,0,,0,0
Azura Stevens,SF/PF,CHI,Classic,Wed Aug 05 2026 01:00:00 GMT-0500 (Central Daylight Time),"Classic 8/5 7:00PM, 4 Games",9700,43754744,0,0,0,29.1,,,,,,,,,,,,,,,,,,,,https://dkn.gs/sports/images/nba/players/50/50811.png,,,,,,,8/5/2026,Azura Stevens,,,,,,,,,,,,,,,,,,,,,9700,https://dkn.gs/sports/images/nba/players/50/50811.png, @ ,,,,,,,0,0,,0,0,0,,0,0
Rhyne Howard,PG/SG,ATL,Classic,Wed Aug 05 2026 01:00:00 GMT-0500 (Central Daylight Time),"Classic 8/5 7:00PM, 4 Games",9600,43754746,0,0,0,28.8,,,,,,,,,,,,,,,,,,,,https://dkn.gs/sports/images/nba/players/50/639191.png,,,,,,,8/5/2026,Rhyne Howard,,,,,,,,,,,,,,,,,,,,,9600,https://dkn.gs/sports/images/nba/players/50/639191.png, @ ,,,,,,,0,0,,0,0,0,,0,0
Kiki Iriafen,SF/PF,WAS,Classic,Wed Aug 05 2026 01:00:00 GMT-0500 (Central Daylight Time),"Classic 8/5 7:00PM, 4 Games",9500,43754748,0,0,0,28.5,,,,,,,,,,,,,,,,,,,,https://dkn.gs/sports/images/nba/players/50/890745.png,,,,,,,8/5/2026,Kiki Iriafen,,,,,,,,,,,,,,,,,,,,,9500,https://dkn.gs/sports/images/nba/players/50/890745.png, @ ,,,,,,,0,0,,0,0,0,,0,0
Arike Ogunbowale,PG/SG,DAL,Classic,Wed Aug 05 2026 01:00:00 GMT-0500 (Central Daylight Time),"Classic 8/5 7:00PM, 4 Games",9400,43754750,0,0,0,28.2,,,,,,,,,,,,,,,,,,,,https://dkn.gs/sports/images/nba/players/50/50813.png,,,,,,,8/5/2026,Arike Ogunbowale,,,,,,,,,,,,,,,,,,,,,9400,https://dkn.gs/sports/images/nba/players/50/50813.png, @ ,,,,,,,0,0,,0,0,0,,0,0
Kamilla Cardoso,SF/PF,CHI,Classic,Wed Aug 05 2026 01:00:00 GMT-0500 (Central Daylight Time),"Classic 8/5 7:00PM, 4 Games",9300,43754752,0,0,0,27.9,,,,,,,,,,,,,,,,,,,,https://dkn.gs/sports/images/nba/players/50/786493.png,,,,,,,8/5/2026,Kamilla Cardoso,,,,,,,,,,,,,,,,,,,,,9300,https://dkn.gs/sports/images/nba/players/50/786493.png, @ ,,,,,,,0,0,,0,0,0,,0,0
Kahleah Copper,PG/SG,PHX,Classic,Wed Aug 05 2026 01:00:00 GMT-0500 (Central Daylight Time),"Classic 8/5 7:00PM, 4 Games",9200,43754754,0,0,0,27.6,,,,,,,,,,,,,,,,,,,,https://dkn.gs/sports/images/nba/players/50/50783.png,,,,,,,8/5/2026,Kahleah Copper,,,,,,,,,,,,,,,,,,,,,9200,https://dkn.gs/sports/images/nba/players/50/50783.png, @ ,,,,,,,0,0,,0,0,0,,0,0
Jordin Canada,PG/SG,ATL,Classic,Wed Aug 05 2026 01:00:00 GMT-0500 (Central Daylight Time),"Classic 8/5 7:00PM, 4 Games",9100,43754756,0,0,0,27.3,,,,,,,,,,,,,,,,,,,,https://dkn.gs/sports/images/nba/players/50/50920.png,,,,,,,8/5/2026,Jordin Canada,,,,,,,,,,,,,,,,,,,,,9100,https://dkn.gs/sports/images/nba/players/50/50920.png, @ ,,,,,,,0,0,,0,0,0,,0,0
Sydney Taylor,PG/SG,CHI,Classic,Wed Aug 05 2026 01:00:00 GMT-0500 (Central Daylight Time),"Classic 8/5 7:00PM, 4 Games",9000,43754758,0,0,0,27,,,,,,,,,,,,,,,,,,,,https://dkn.gs/sports/images/nba/players/50/967834.png,,,,,,,8/5/2026,Sydney Taylor,,,,,,,,,,,,,,,,,,,,,9000,https://dkn.gs/sports/images/nba/players/50/967834.png, @ ,,,,,,,0,0,,0,0,0,,0,0
DeWanna Bonner,PG/SG,PHX,Classic,Wed Aug 05 2026 01:00:00 GMT-0500 (Central Daylight Time),"Classic 8/5 7:00PM, 4 Games",8900,43754760,0,0,0,26.7,,,,,,,,,,,,,,,,,,,,https://dkn.gs/sports/images/nba/players/50/50898.png,,,,,,,8/5/2026,DeWanna Bonner,,,,,,,,,,,,,,,,,,,,,8900,https://dkn.gs/sports/images/nba/players/50/50898.png, @ ,,,,,,,0,0,,0,0,0,,0,0
Allisha Gray,PG/SG,ATL,Classic,Wed Aug 05 2026 01:00:00 GMT-0500 (Central Daylight Time),"Classic 8/5 7:00PM, 4 Games",8800,43754762,0,0,0,26.4,,,,,,,,,,,,,,,,,,,,https://dkn.gs/sports/images/nba/players/50/50809.png,,,,,,,8/5/2026,Allisha Gray,,,,,,,,,,,,,,,,,,,,,8800,https://dkn.gs/sports/images/nba/players/50/50809.png, @ ,,,,,,,0,0,,0,0,0,,0,0
Skylar Diggins,PG/SG,CHI,Classic,Wed Aug 05 2026 01:00:00 GMT-0500 (Central Daylight Time),"Classic 8/5 7:00PM, 4 Games",8700,43754764,0,0,0,26.1,,,,,,,,,,,,,,,,,,,,https://dkn.gs/sports/images/nba/players/50/50803.png,,,,,,,8/5/2026,Skylar Diggins,,,,,,,,,,,,,,,,,,,,,8700,https://dkn.gs/sports/images/nba/players/50/50803.png, @ ,,,,,,,0,0,,0,0,0,,0,0
Sonia Citron,PG/SG,WAS,Classic,Wed Aug 05 2026 01:00:00 GMT-0500 (Central Daylight Time),"Classic 8/5 7:00PM, 4 Games",8600,43754766,0,0,0,25.8,,,,,,,,,,,,,,,,,,,,https://dkn.gs/sports/images/nba/players/50/890746.png,,,,,,,8/5/2026,Sonia Citron,,,,,,,,,,,,,,,,,,,,,8600,https://dkn.gs/sports/images/nba/players/50/890746.png, @ ,,,,,,,0,0,,0,0,0,,0,0
Flau'Jae Johnson,PG/SG,SEA,Classic,Wed Aug 05 2026 01:00:00 GMT-0500 (Central Daylight Time),"Classic 8/5 7:00PM, 4 Games",8400,43754768,0,0,0,25.2,,,,,,,,,,,,,,,,,,,,https://dkn.gs/sports/images/nba/players/50/967840.png,,,,,,,8/5/2026,Flau'Jae Johnson,,,,,,,,,,,,,,,,,,,,,8400,https://dkn.gs/sports/images/nba/players/50/967840.png, @ ,,,,,,,0,0,,0,0,0,,0,0
Awa Fam,SF/PF,SEA,Classic,Wed Aug 05 2026 01:00:00 GMT-0500 (Central Daylight Time),"Classic 8/5 7:00PM, 4 Games",8200,43754770,0,0,0,24.6,,,,,,,,,,,,,,,,,,,,https://dkn.gs/sports/images/nba/teams/50/36127.png,,,,,,,8/5/2026,Awa Fam,,,,,,,,,,,,,,,,,,,,,8200,https://dkn.gs/sports/images/nba/teams/50/36127.png, @ ,,,,,,,0,0,,0,0,0,,0,0
Rae Burrell,PG/SG,LAS,Classic,Wed Aug 05 2026 01:00:00 GMT-0500 (Central Daylight Time),"Classic 8/5 7:00PM, 4 Games",8100,43754772,0,0,0,24.3,,,,,,,,,,,,,,,,,,,,https://dkn.gs/sports/images/nba/players/50/639209.png,,,,,,,8/5/2026,Rae Burrell,,,,,,,,,,,,,,,,,,,,,8100,https://dkn.gs/sports/images/nba/players/50/639209.png, @ ,,,,,,,0,0,,0,0,0,,0,0
Azzi Fudd,PG/SG,DAL,Classic,Wed Aug 05 2026 01:00:00 GMT-0500 (Central Daylight Time),"Classic 8/5 7:00PM, 4 Games",8000,43754774,0,0,0,24,,,,,,,,,,,,,,,,,,,,https://dkn.gs/sports/images/nba/players/50/967839.png,,,,,,,8/5/2026,Azzi Fudd,,,,,,,,,,,,,,,,,,,,,8000,https://dkn.gs/sports/images/nba/players/50/967839.png, @ ,,,,,,,0,0,,0,0,0,,0,0
Ariel Atkins,PG/SG,LAS,Classic,Wed Aug 05 2026 01:00:00 GMT-0500 (Central Daylight Time),"Classic 8/5 7:00PM, 4 Games",7800,43754776,0,0,0,23.4,,,,,,,,,,,,,,,,,,,,https://dkn.gs/sports/images/nba/players/50/50932.png,,,,,,,8/5/2026,Ariel Atkins,,,,,,,,,,,,,,,,,,,,,7800,https://dkn.gs/sports/images/nba/players/50/50932.png, @ ,,,,,,,0,0,,0,0,0,,0,0
Natasha Cloud,PG/SG,CHI,Classic,Wed Aug 05 2026 01:00:00 GMT-0500 (Central Daylight Time),"Classic 8/5 7:00PM, 4 Games",7700,43754778,0,0,0,23.1,,,,,,,,,,,,,,,,,,,,https://dkn.gs/sports/images/nba/players/50/50929.png,,,,,,,8/5/2026,Natasha Cloud,,,,,,,,,,,,,,,,,,,,,7700,https://dkn.gs/sports/images/nba/players/50/50929.png, @ ,,,,,,,0,0,,0,0,0,,0,0
Courtney Vandersloot,PG/SG,CHI,Classic,Wed Aug 05 2026 01:00:00 GMT-0500 (Central Daylight Time),"Classic 8/5 7:00PM, 4 Games",7600,43754780,0,0,0,22.8,,,,,,,,,,,,,,,,,,,,https://dkn.gs/sports/images/nba/players/50/50775.png,,,,,,,8/5/2026,Courtney Vandersloot,,,,,,,,,,,,,,,,,,,,,7600,https://dkn.gs/sports/images/nba/players/50/50775.png, @ ,,,,,,,0,0,,0,0,0,,0,0
Erica Wheeler,PG/SG,LAS,Classic,Wed Aug 05 2026 01:00:00 GMT-0500 (Central Daylight Time),"Classic 8/5 7:00PM, 4 Games",7400,43754782,0,0,0,22.2,,,,,,,,,,,,,,,,,,,,https://dkn.gs/sports/images/nba/players/50/50820.png,,,,,,,8/5/2026,Erica Wheeler,,,,,,,,,,,,,,,,,,,,,7400,https://dkn.gs/sports/images/nba/players/50/50820.png, @ ,,,,,,,0,0,,0,0,0,,0,0
Michaela Onyenwere,SF/PF,WAS,Classic,Wed Aug 05 2026 01:00:00 GMT-0500 (Central Daylight Time),"Classic 8/5 7:00PM, 4 Games",7200,43754784,0,0,0,21.6,,,,,,,,,,,,,,,,,,,,https://dkn.gs/sports/images/nba/players/50/559036.png,,,,,,,8/5/2026,Michaela Onyenwere,,,,,,,,,,,,,,,,,,,,,7200,https://dkn.gs/sports/images/nba/players/50/559036.png, @ ,,,,,,,0,0,,0,0,0,,0,0
Cameron Brink,SF/PF,LAS,Classic,Wed Aug 05 2026 01:00:00 GMT-0500 (Central Daylight Time),"Classic 8/5 7:00PM, 4 Games",7100,43754786,0,0,0,21.3,,,,,,,,,,,,,,,,,,,,https://dkn.gs/sports/images/nba/players/50/786497.png,,,,,,,8/5/2026,Cameron Brink,,,,,,,,,,,,,,,,,,,,,7100,https://dkn.gs/sports/images/nba/players/50/786497.png, @ ,,,,,,,0,0,,0,0,0,,0,0
Naz Hillmon,SF/PF,ATL,Classic,Wed Aug 05 2026 01:00:00 GMT-0500 (Central Daylight Time),"Classic 8/5 7:00PM, 4 Games",6900,43754788,0,0,0,20.7,,,,,,,,,,,,,,,,,,,,https://dkn.gs/sports/images/nba/players/50/639192.png,,,,,,,8/5/2026,Naz Hillmon,,,,,,,,,,,,,,,,,,,,,6900,https://dkn.gs/sports/images/nba/players/50/639192.png, @ ,,,,,,,0,0,,0,0,0,,0,0
Brionna Jones,SF/PF,ATL,Classic,Wed Aug 05 2026 01:00:00 GMT-0500 (Central Daylight Time),"Classic 8/5 7:00PM, 4 Games",6700,43754790,0,0,0,20.1,,,,,,,,,,,,,,,,,,,,https://dkn.gs/sports/images/nba/players/50/50800.png,,,,,,,8/5/2026,Brionna Jones,,,,,,,,,,,,,,,,,,,,,6700,https://dkn.gs/sports/images/nba/players/50/50800.png, @ ,,,,,,,0,0,,0,0,0,,0,0
Leonie Fiebich,SF/PF,NYL,Classic,Wed Aug 05 2026 01:00:00 GMT-0500 (Central Daylight Time),"Classic 8/5 7:00PM, 4 Games",6500,43754792,0,0,0,19.5,,,,,,,,,,,,,,,,,,,,https://dkn.gs/sports/images/nba/players/50/485154.png,,,,,,,8/5/2026,Leonie Fiebich,,,,,,,,,,,,,,,,,,,,,6500,https://dkn.gs/sports/images/nba/players/50/485154.png, @ ,,,,,,,0,0,,0,0,0,,0,0
Jade Melbourne,PG/SG,SEA,Classic,Wed Aug 05 2026 01:00:00 GMT-0500 (Central Daylight Time),"Classic 8/5 7:00PM, 4 Games",6400,43754794,0,0,0,19.2,,,,,,,,,,,,,,,,,,,,https://dkn.gs/sports/images/nba/players/50/639221.png,,,,,,,8/5/2026,Jade Melbourne,,,,,,,,,,,,,,,,,,,,,6400,https://dkn.gs/sports/images/nba/players/50/639221.png, @ ,,,,,,,0,0,,0,0,0,,0,0
Pauline Astier,SF/PF,NYL,Classic,Wed Aug 05 2026 01:00:00 GMT-0500 (Central Daylight Time),"Classic 8/5 7:00PM, 4 Games",6300,43754796,0,0,0,18.9,,,,,,,,,,,,,,,,,,,,https://dkn.gs/sports/images/nba/players/50/790281.png,,,,,,,8/5/2026,Pauline Astier,,,,,,,,,,,,,,,,,,,,,6300,https://dkn.gs/sports/images/nba/players/50/790281.png, @ ,,,,,,,0,0,,0,0,0,,0,0
Ezi Magbegor,SF/PF,SEA,Classic,Wed Aug 05 2026 01:00:00 GMT-0500 (Central Daylight Time),"Classic 8/5 7:00PM, 4 Games",6100,43754798,0,0,0,18.3,,,,,,,,,,,,,,,,,,,,https://dkn.gs/sports/images/nba/players/50/116237.png,,,,,,,8/5/2026,Ezi Magbegor,,,,,,,,,,,,,,,,,,,,,6100,https://dkn.gs/sports/images/nba/players/50/116237.png, @ ,,,,,,,0,0,,0,0,0,,0,0
Han Xu,SF/PF,NYL,Classic,Wed Aug 05 2026 01:00:00 GMT-0500 (Central Daylight Time),"Classic 8/5 7:00PM, 4 Games",6000,43754800,0,0,0,18,,,,,,,,,,,,,,,,,,,,https://dkn.gs/sports/images/nba/players/50/50891.png,,,,,,,8/5/2026,Han Xu,,,,,,,,,,,,,,,,,,,,,6000,https://dkn.gs/sports/images/nba/players/50/50891.png, @ ,,,,,,,0,0,,0,0,0,,0,0
Lauren Betts,SF/PF,WAS,Classic,Wed Aug 05 2026 01:00:00 GMT-0500 (Central Daylight Time),"Classic 8/5 7:00PM, 4 Games",5900,43754802,0,0,0,17.7,,,,,,,,,,,,,,,,,,,,https://dkn.gs/sports/images/nba/players/50/967837.png,,,,,,,8/5/2026,Lauren Betts,,,,,,,,,,,,,,,,,,,,,5900,https://dkn.gs/sports/images/nba/players/50/967837.png, @ ,,,,,,,0,0,,0,0,0,,0,0
Natasha Mack,SF/PF,PHX,Classic,Wed Aug 05 2026 01:00:00 GMT-0500 (Central Daylight Time),"Classic 8/5 7:00PM, 4 Games",5800,43754804,0,0,0,17.4,,,,,,,,,,,,,,,,,,,,https://dkn.gs/sports/images/nba/players/50/559012.png,,,,,,,8/5/2026,Natasha Mack,,,,,,,,,,,,,,,,,,,,,5800,https://dkn.gs/sports/images/nba/players/50/559012.png, @ ,,,,,,,0,0,,0,0,0,,0,0
Satou Sabally,SF/PF,NYL,Classic,Wed Aug 05 2026 01:00:00 GMT-0500 (Central Daylight Time),"Classic 8/5 7:00PM, 4 Games",5700,43754806,0,0,0,17.1,,,,,,,,,,,,,,,,,,,,https://dkn.gs/sports/images/nba/players/50/485145.png,,,,,,,8/5/2026,Satou Sabally,,,,,,,,,,,,,,,,,,,,,5700,https://dkn.gs/sports/images/nba/players/50/485145.png, @ ,,,,,,,0,0,,0,0,0,,0,0
Monique Akoa Makani,PG/SG,LAS,Classic,Wed Aug 05 2026 01:00:00 GMT-0500 (Central Daylight Time),"Classic 8/5 7:00PM, 4 Games",5600,43754808,0,0,0,16.8,,,,,,,,,,,,,,,,,,,,https://dkn.gs/sports/images/nba/players/50/886888.png,,,,,,,8/5/2026,Monique Akoa Makani,,,,,,,,,,,,,,,,,,,,,5600,https://dkn.gs/sports/images/nba/players/50/886888.png, @ ,,,,,,,0,0,,0,0,0,,0,0
Georgia Amoore,PG/SG,WAS,Classic,Wed Aug 05 2026 01:00:00 GMT-0500 (Central Daylight Time),"Classic 8/5 7:00PM, 4 Games",5500,43754810,0,0,0,16.5,,,,,,,,,,,,,,,,,,,,https://dkn.gs/sports/images/nba/players/50/788762.png,,,,,,,8/5/2026,Georgia Amoore,,,,,,,,,,,,,,,,,,,,,5500,https://dkn.gs/sports/images/nba/players/50/788762.png, @ ,,,,,,,0,0,,0,0,0,,0,0
Elizabeth Williams,SF/PF,CHI,Classic,Wed Aug 05 2026 01:00:00 GMT-0500 (Central Daylight Time),"Classic 8/5 7:00PM, 4 Games",5400,43754812,0,0,0,16.2,,,,,,,,,,,,,,,,,,,,https://dkn.gs/sports/images/nba/players/50/50767.png,,,,,,,8/5/2026,Elizabeth Williams,,,,,,,,,,,,,,,,,,,,,5400,https://dkn.gs/sports/images/nba/players/50/50767.png, @ ,,,,,,,0,0,,0,0,0,,0,0
Valeriane Ayayi,PG/SG,PHX,Classic,Wed Aug 05 2026 01:00:00 GMT-0500 (Central Daylight Time),"Classic 8/5 7:00PM, 4 Games",5300,43754814,0,0,0,15.9,,,,,,,,,,,,,,,,,,,,https://dkn.gs/sports/images/nba/players/50/116162.png,,,,,,,8/5/2026,Valeriane Ayayi,,,,,,,,,,,,,,,,,,,,,5300,https://dkn.gs/sports/images/nba/players/50/116162.png, @ ,,,,,,,0,0,,0,0,0,,0,0
Cotie McMahon,SF/PF,WAS,Classic,Wed Aug 05 2026 01:00:00 GMT-0500 (Central Daylight Time),"Classic 8/5 7:00PM, 4 Games",5200,43754816,0,0,0,15.6,,,,,,,,,,,,,,,,,,,,https://dkn.gs/sports/images/nba/players/50/967850.png,,,,,,,8/5/2026,Cotie McMahon,,,,,,,,,,,,,,,,,,,,,5200,https://dkn.gs/sports/images/nba/players/50/967850.png, @ ,,,,,,,0,0,,0,0,0,,0,0
DiJonai Carrington,PG/SG,CHI,Classic,Wed Aug 05 2026 01:00:00 GMT-0500 (Central Daylight Time),"Classic 8/5 7:00PM, 4 Games",5100,43754818,0,0,0,15.3,,,,,,,,,,,,,,,,,,,,https://dkn.gs/sports/images/nba/players/50/559013.png,,,,,,,8/5/2026,DiJonai Carrington,,,,,,,,,,,,,,,,,,,,,5100,https://dkn.gs/sports/images/nba/players/50/559013.png, @ ,,,,,,,0,0,,0,0,0,,0,0
Maddy Siegrist,SF/PF,DAL,Classic,Wed Aug 05 2026 01:00:00 GMT-0500 (Central Daylight Time),"Classic 8/5 7:00PM, 4 Games",5000,43754820,0,0,0,15,,,,,,,,,,,,,,,,,,,,https://dkn.gs/sports/images/nba/players/50/704997.png,,,,,,,8/5/2026,Maddy Siegrist,,,,,,,,,,,,,,,,,,,,,5000,https://dkn.gs/sports/images/nba/players/50/704997.png, @ ,,,,,,,0,0,,0,0,0,,0,0
Aicha Coulibaly,PG/SG,CHI,Classic,Wed Aug 05 2026 01:00:00 GMT-0500 (Central Daylight Time),"Classic 8/5 7:00PM, 4 Games",4900,43754822,0,0,0,14.7,,,,,,,,,,,,,,,,,,,,https://dkn.gs/sports/images/nba/players/50/890770.png,,,,,,,8/5/2026,Aicha Coulibaly,,,,,,,,,,,,,,,,,,,,,4900,https://dkn.gs/sports/images/nba/players/50/890770.png, @ ,,,,,,,0,0,,0,0,0,,0,0
Rebecca Allen,PG/SG,NYL,Classic,Wed Aug 05 2026 01:00:00 GMT-0500 (Central Daylight Time),"Classic 8/5 7:00PM, 4 Games",4800,43754824,0,0,0,14.4,,,,,,,,,,,,,,,,,,,,https://dkn.gs/sports/images/nba/players/50/50886.png,,,,,,,8/5/2026,Rebecca Allen,,,,,,,,,,,,,,,,,,,,,4800,https://dkn.gs/sports/images/nba/players/50/50886.png, @ ,,,,,,,0,0,,0,0,0,,0,0
Noemie Brochant,SF/PF,PHX,Classic,Wed Aug 05 2026 01:00:00 GMT-0500 (Central Daylight Time),"Classic 8/5 7:00PM, 4 Games",4700,43754826,0,0,0,14.1,,,,,,,,,,,,,,,,,,,,https://dkn.gs/sports/images/nba/players/50/967823.png,,,,,,,8/5/2026,Noemie Brochant,,,,,,,,,,,,,,,,,,,,,4700,https://dkn.gs/sports/images/nba/players/50/967823.png, @ ,,,,,,,0,0,,0,0,0,,0,0
Awak Kuier,SF/PF,DAL,Classic,Wed Aug 05 2026 01:00:00 GMT-0500 (Central Daylight Time),"Classic 8/5 7:00PM, 4 Games",4600,43754828,0,0,0,13.8,,,,,,,,,,,,,,,,,,,,https://dkn.gs/sports/images/nba/players/50/559017.png,,,,,,,8/5/2026,Awak Kuier,,,,,,,,,,,,,,,,,,,,,4600,https://dkn.gs/sports/images/nba/players/50/559017.png, @ ,,,,,,,0,0,,0,0,0,,0,0
Madina Okot,SF/PF,ATL,Classic,Wed Aug 05 2026 01:00:00 GMT-0500 (Central Daylight Time),"Classic 8/5 7:00PM, 4 Games",4500,43754830,0,0,0,13.5,,,,,,,,,,,,,,,,,,,,https://dkn.gs/sports/images/nba/players/50/967849.png,,,,,,,8/5/2026,Madina Okot,,,,,,,,,,,,,,,,,,,,,4500,https://dkn.gs/sports/images/nba/players/50/967849.png, @ ,,,,,,,0,0,,0,0,0,,0,0
Gabriela Jaquez,PG/SG,CHI,Classic,Wed Aug 05 2026 01:00:00 GMT-0500 (Central Daylight Time),"Classic 8/5 7:00PM, 4 Games",4400,43754832,0,0,0,13.2,,,,,,,,,,,,,,,,,,,,https://dkn.gs/sports/images/nba/players/50/967835.png,,,,,,,8/5/2026,Gabriela Jaquez,,,,,,,,,,,,,,,,,,,,,4400,https://dkn.gs/sports/images/nba/players/50/967835.png, @ ,,,,,,,0,0,,0,0,0,,0,0
Jordan Horston,SF/PF,SEA,Classic,Wed Aug 05 2026 01:00:00 GMT-0500 (Central Daylight Time),"Classic 8/5 7:00PM, 4 Games",4300,43754834,0,0,0,12.9,,,,,,,,,,,,,,,,,,,,https://dkn.gs/sports/images/nba/players/50/705008.png,,,,,,,8/5/2026,Jordan Horston,,,,,,,,,,,,,,,,,,,,,4300,https://dkn.gs/sports/images/nba/players/50/705008.png, @ ,,,,,,,0,0,,0,0,0,,0,0
Marine Johannes,PG/SG,NYL,Classic,Wed Aug 05 2026 01:00:00 GMT-0500 (Central Daylight Time),"Classic 8/5 7:00PM, 4 Games",4200,43754836,0,0,0,12.6,,,,,,,,,,,,,,,,,,,,https://dkn.gs/sports/images/nba/players/50/50889.png,,,,,,,8/5/2026,Marine Johannes,,,,,,,,,,,,,,,,,,,,,4200,https://dkn.gs/sports/images/nba/players/50/50889.png, @ ,,,,,,,0,0,,0,0,0,,0,0
Jacy Sheldon,PG/SG,CHI,Classic,Wed Aug 05 2026 01:00:00 GMT-0500 (Central Daylight Time),"Classic 8/5 7:00PM, 4 Games",4100,43754838,0,0,0,12.3,,,,,,,,,,,,,,,,,,,,https://dkn.gs/sports/images/nba/players/50/786495.png,,,,,,,8/5/2026,Jacy Sheldon,,,,,,,,,,,,,,,,,,,,,4100,https://dkn.gs/sports/images/nba/players/50/786495.png, @ ,,,,,,,0,0,,0,0,0,,0,0
Isobel Borlase,PG/SG,ATL,Classic,Wed Aug 05 2026 01:00:00 GMT-0500 (Central Daylight Time),"Classic 8/5 7:00PM, 4 Games",4000,43754840,0,0,0,12,,,,,,,,,,,,,,,,,,,,https://dkn.gs/sports/images/nba/players/50/786506.png,,,,,,,8/5/2026,Isobel Borlase,,,,,,,,,,,,,,,,,,,,,4000,https://dkn.gs/sports/images/nba/players/50/786506.png, @ ,,,,,,,0,0,,0,0,0,,0,0
Alanna Smith,SF/PF,DAL,Classic,Wed Aug 05 2026 01:00:00 GMT-0500 (Central Daylight Time),"Classic 8/5 7:00PM, 4 Games",4000,43754842,0,0,0,12,,,,,,,,,,,,,,,,,,,,https://dkn.gs/sports/images/nba/players/50/50904.png,,,,,,,8/5/2026,Alanna Smith,,,,,,,,,,,,,,,,,,,,,4000,https://dkn.gs/sports/images/nba/players/50/50904.png, @ ,,,,,,,0,0,,0,0,0,,0,0
Marine Fauthoux,PG/SG,NYL,Classic,Wed Aug 05 2026 01:00:00 GMT-0500 (Central Daylight Time),"Classic 8/5 7:00PM, 4 Games",3900,43754844,0,0,0,11.7,,,,,,,,,,,,,,,,,,,,https://dkn.gs/sports/images/nba/teams/50/36124.png,,,,,,,8/5/2026,Marine Fauthoux,,,,,,,,,,,,,,,,,,,,,3900,https://dkn.gs/sports/images/nba/teams/50/36124.png, @ ,,,,,,,0,0,,0,0,0,,0,0
Katie Lou Samuelson,SF/PF,SEA,Classic,Wed Aug 05 2026 01:00:00 GMT-0500 (Central Daylight Time),"Classic 8/5 7:00PM, 4 Games",3900,43754846,0,0,0,11.7,,,,,,,,,,,,,,,,,,,,https://dkn.gs/sports/images/nba/players/50/50786.png,,,,,,,8/5/2026,Katie Lou Samuelson,,,,,,,,,,,,,,,,,,,,,3900,https://dkn.gs/sports/images/nba/players/50/50786.png, @ ,,,,,,,0,0,,0,0,0,,0,0
Sami Whitcomb,PG/SG,PHX,Classic,Wed Aug 05 2026 01:00:00 GMT-0500 (Central Daylight Time),"Classic 8/5 7:00PM, 4 Games",3800,43754848,0,0,0,11.4,,,,,,,,,,,,,,,,,,,,https://dkn.gs/sports/images/nba/players/50/50914.png,,,,,,,8/5/2026,Sami Whitcomb,,,,,,,,,,,,,,,,,,,,,3800,https://dkn.gs/sports/images/nba/players/50/50914.png, @ ,,,,,,,0,0,,0,0,0,,0,0
Jihyun Park,SF/PF,LAS,Classic,Wed Aug 05 2026 01:00:00 GMT-0500 (Central Daylight Time),"Classic 8/5 7:00PM, 4 Games",3800,43754850,0,0,0,11.4,,,,,,,,,,,,,,,,,,,,https://dkn.gs/sports/images/nba/players/50/583209.png,,,,,,,8/5/2026,Jihyun Park,,,,,,,,,,,,,,,,,,,,,3800,https://dkn.gs/sports/images/nba/players/50/583209.png, @ ,,,,,,,0,0,,0,0,0,,0,0
Rebekah Gardner,PG/SG,NYL,Classic,Wed Aug 05 2026 01:00:00 GMT-0500 (Central Daylight Time),"Classic 8/5 7:00PM, 4 Games",3700,43754852,0,0,0,11.1,,,,,,,,,,,,,,,,,,,,https://dkn.gs/sports/images/nba/players/50/627534.png,,,,,,,8/5/2026,Rebekah Gardner,,,,,,,,,,,,,,,,,,,,,3700,https://dkn.gs/sports/images/nba/players/50/627534.png, @ ,,,,,,,0,0,,0,0,0,,0,0
Odyssey Sims,PG/SG,DAL,Classic,Wed Aug 05 2026 01:00:00 GMT-0500 (Central Daylight Time),"Classic 8/5 7:00PM, 4 Games",3700,43754854,0,0,0,11.1,,,,,,,,,,,,,,,,,,,,https://dkn.gs/sports/images/nba/players/50/50865.png,,,,,,,8/5/2026,Odyssey Sims,,,,,,,,,,,,,,,,,,,,,3700,https://dkn.gs/sports/images/nba/players/50/50865.png, @ ,,,,,,,0,0,,0,0,0,,0,0
Zia Cooke,PG/SG,SEA,Classic,Wed Aug 05 2026 01:00:00 GMT-0500 (Central Daylight Time),"Classic 8/5 7:00PM, 4 Games",3600,43754856,0,0,0,10.8,,,,,,,,,,,,,,,,,,,,https://dkn.gs/sports/images/nba/players/50/705003.png,,,,,,,8/5/2026,Zia Cooke,,,,,,,,,,,,,,,,,,,,,3600,https://dkn.gs/sports/images/nba/players/50/705003.png, @ ,,,,,,,0,0,,0,0,0,,0,0
Aziaha James,PG/SG,DAL,Classic,Wed Aug 05 2026 01:00:00 GMT-0500 (Central Daylight Time),"Classic 8/5 7:00PM, 4 Games",3600,43754858,0,0,0,10.8,,,,,,,,,,,,,,,,,,,,https://dkn.gs/sports/images/nba/players/50/890748.png,,,,,,,8/5/2026,Aziaha James,,,,,,,,,,,,,,,,,,,,,3600,https://dkn.gs/sports/images/nba/players/50/890748.png, @ ,,,,,,,0,0,,0,0,0,,0,0
Chance Gray,PG/SG,LAS,Classic,Wed Aug 05 2026 01:00:00 GMT-0500 (Central Daylight Time),"Classic 8/5 7:00PM, 4 Games",3500,43754860,0,0,0,10.5,,,,,,,,,,,,,,,,,,,,https://dkn.gs/sports/images/nba/players/50/967858.png,,,,,,,8/5/2026,Chance Gray,,,,,,,,,,,,,,,,,,,,,3500,https://dkn.gs/sports/images/nba/players/50/967858.png, @ ,,,,,,,0,0,,0,0,0,,0,0
Li Yueru,SF/PF,DAL,Classic,Wed Aug 05 2026 01:00:00 GMT-0500 (Central Daylight Time),"Classic 8/5 7:00PM, 4 Games",3500,43754862,0,0,0,10.5,,,,,,,,,,,,,,,,,,,,https://dkn.gs/sports/images/nba/players/50/116299.png,,,,,,,8/5/2026,Li Yueru,,,,,,,,,,,,,,,,,,,,,3500,https://dkn.gs/sports/images/nba/players/50/116299.png, @ ,,,,,,,0,0,,0,0,0,,0,0
Jaylyn Sherrod,PG/SG,ATL,Classic,Wed Aug 05 2026 01:00:00 GMT-0500 (Central Daylight Time),"Classic 8/5 7:00PM, 4 Games",3400,43754864,0,0,0,10.2,,,,,,,,,,,,,,,,,,,,https://dkn.gs/sports/images/nba/players/50/786642.png,,,,,,,8/5/2026,Jaylyn Sherrod,,,,,,,,,,,,,,,,,,,,,3400,https://dkn.gs/sports/images/nba/players/50/786642.png, @ ,,,,,,,0,0,,0,0,0,,0,0
Rachel Banham,PG/SG,CHI,Classic,Wed Aug 05 2026 01:00:00 GMT-0500 (Central Daylight Time),"Classic 8/5 7:00PM, 4 Games",3400,43754866,0,0,0,10.2,,,,,,,,,,,,,,,,,,,,https://dkn.gs/sports/images/nba/players/50/50796.png,,,,,,,8/5/2026,Rachel Banham,,,,,,,,,,,,,,,,,,,,,3400,https://dkn.gs/sports/images/nba/players/50/50796.png, @ ,,,,,,,0,0,,0,0,0,,0,0
Lexi Held,PG/SG,PHX,Classic,Wed Aug 05 2026 01:00:00 GMT-0500 (Central Daylight Time),"Classic 8/5 7:00PM, 4 Games",3300,43754868,0,0,0,9.9,,,,,,,,,,,,,,,,,,,,https://dkn.gs/sports/images/nba/players/50/894141.png,,,,,,,8/5/2026,Lexi Held,,,,,,,,,,,,,,,,,,,,,3300,https://dkn.gs/sports/images/nba/players/50/894141.png, @ ,,,,,,,0,0,,0,0,0,,0,0
Alysha Clark,SF/PF,DAL,Classic,Wed Aug 05 2026 01:00:00 GMT-0500 (Central Daylight Time),"Classic 8/5 7:00PM, 4 Games",3300,43754870,0,0,0,9.9,,,,,,,,,,,,,,,,,,,,https://dkn.gs/sports/images/nba/players/50/50913.png,,,,,,,8/5/2026,Alysha Clark,,,,,,,,,,,,,,,,,,,,,3300,https://dkn.gs/sports/images/nba/players/50/50913.png, @ ,,,,,,,0,0,,0,0,0,,0,0
Stefanie Dolson,SF/PF,SEA,Classic,Wed Aug 05 2026 01:00:00 GMT-0500 (Central Daylight Time),"Classic 8/5 7:00PM, 4 Games",3200,43754872,0,0,0,9.6,,,,,,,,,,,,,,,,,,,,https://dkn.gs/sports/images/nba/players/50/50778.png,,,,,,,8/5/2026,Stefanie Dolson,,,,,,,,,,,,,,,,,,,,,3200,https://dkn.gs/sports/images/nba/players/50/50778.png, @ ,,,,,,,0,0,,0,0,0,,0,0
Sug Sutton,PG/SG,DAL,Classic,Wed Aug 05 2026 01:00:00 GMT-0500 (Central Daylight Time),"Classic 8/5 7:00PM, 4 Games",3200,43754874,0,0,0,9.6,,,,,,,,,,,,,,,,,,,,https://dkn.gs/sports/images/nba/players/50/485171.png,,,,,,,8/5/2026,Sug Sutton,,,,,,,,,,,,,,,,,,,,,3200,https://dkn.gs/sports/images/nba/players/50/485171.png, @ ,,,,,,,0,0,,0,0,0,,0,0
Alicia Florez,PG/SG,WAS,Classic,Wed Aug 05 2026 01:00:00 GMT-0500 (Central Daylight Time),"Classic 8/5 7:00PM, 4 Games",3100,43754876,0,0,0,9.3,,,,,,,,,,,,,,,,,,,,https://dkn.gs/sports/images/nba/teams/50/36131.png,,,,,,,8/5/2026,Alicia Florez,,,,,,,,,,,,,,,,,,,,,3100,https://dkn.gs/sports/images/nba/teams/50/36131.png, @ ,,,,,,,0,0,,0,0,0,,0,0
Angela Dugalic,SF/PF,WAS,Classic,Wed Aug 05 2026 01:00:00 GMT-0500 (Central Daylight Time),"Classic 8/5 7:00PM, 4 Games",3100,43754878,0,0,0,9.3,,,,,,,,,,,,,,,,,,,,https://dkn.gs/sports/images/nba/players/50/967836.png,,,,,,,8/5/2026,Angela Dugalic,,,,,,,,,,,,,,,,,,,,,3100,https://dkn.gs/sports/images/nba/players/50/967836.png, @ ,,,,,,,0,0,,0,0,0,,0,0
Raquel Carrera,SF/PF,NYL,Classic,Wed Aug 05 2026 01:00:00 GMT-0500 (Central Daylight Time),"Classic 8/5 7:00PM, 4 Games",3100,43754880,0,0,0,9.3,,,,,,,,,,,,,,,,,,,,https://dkn.gs/sports/images/nba/teams/50/36124.png,,,,,,,8/5/2026,Raquel Carrera,,,,,,,,,,,,,,,,,,,,,3100,https://dkn.gs/sports/images/nba/teams/50/36124.png, @ ,,,,,,,0,0,,0,0,0,,0,0
Cassandre Prosper,PG/SG,WAS,Classic,Wed Aug 05 2026 01:00:00 GMT-0500 (Central Daylight Time),"Classic 8/5 7:00PM, 4 Games",3000,43754882,0,0,0,9,,,,,,,,,,,,,,,,,,,,https://dkn.gs/sports/images/nba/players/50/802098.png,,,,,,,8/5/2026,Cassandre Prosper,,,,,,,,,,,,,,,,,,,,,3000,https://dkn.gs/sports/images/nba/players/50/802098.png, @ ,,,,,,,0,0,,0,0,0,,0,0
Kiana Williams,PG/SG,LAS,Classic,Wed Aug 05 2026 01:00:00 GMT-0500 (Central Daylight Time),"Classic 8/5 7:00PM, 4 Games",3000,43754884,0,0,0,9,,,,,,,,,,,,,,,,,,,,https://dkn.gs/sports/images/nba/players/50/559041.png,,,,,,,8/5/2026,Kiana Williams,,,,,,,,,,,,,,,,,,,,,3000,https://dkn.gs/sports/images/nba/players/50/559041.png, @ ,,,,,,,0,0,,0,0,0,,0,0
Te-Hina Paopao,PG/SG,ATL,Classic,Wed Aug 05 2026 01:00:00 GMT-0500 (Central Daylight Time),"Classic 8/5 7:00PM, 4 Games",3000,43754886,0,0,0,9,,,,,,,,,,,,,,,,,,,,https://dkn.gs/sports/images/nba/players/50/890768.png,,,,,,,8/5/2026,Te-Hina Paopao,,,,,,,,,,,,,,,,,,,,,3000,https://dkn.gs/sports/images/nba/players/50/890768.png, @ ,,,,,,,0,0,,0,0,0,,0,0
Anneli Maley,SF/PF,NYL,Classic,Wed Aug 05 2026 01:00:00 GMT-0500 (Central Daylight Time),"Classic 8/5 7:00PM, 4 Games",3000,43754888,0,0,0,9,,,,,,,,,,,,,,,,,,,,https://dkn.gs/sports/images/nba/players/50/641784.png,,,,,,,8/5/2026,Anneli Maley,,,,,,,,,,,,,,,,,,,,,3000,https://dkn.gs/sports/images/nba/players/50/641784.png, @ ,,,,,,,0,0,,0,0,0,,0,0
Darianna Littlepage-Buggs,SF/PF,WAS,Classic,Wed Aug 05 2026 01:00:00 GMT-0500 (Central Daylight Time),"Classic 8/5 7:00PM, 4 Games",3000,43754890,0,0,0,9,,,,,,,,,,,,,,,,,,,,https://dkn.gs/sports/images/nba/players/50/967866.png,,,,,,,8/5/2026,Darianna Littlepage-Buggs,,,,,,,,,,,,,,,,,,,,,3000,https://dkn.gs/sports/images/nba/players/50/967866.png, @ ,,,,,,,0,0,,0,0,0,,0,0
Maddy Westbeld,SF/PF,CHI,Classic,Wed Aug 05 2026 01:00:00 GMT-0500 (Central Daylight Time),"Classic 8/5 7:00PM, 4 Games",3000,43754892,0,0,0,9,,,,,,,,,,,,,,,,,,,,https://dkn.gs/sports/images/nba/players/50/890771.png,,,,,,,8/5/2026,Maddy Westbeld,,,,,,,,,,,,,,,,,,,,,3000,https://dkn.gs/sports/images/nba/players/50/890771.png, @ ,,,,,,,0,0,,0,0,0,,0,0
Rickea Jackson,SF/PF,CHI,Classic,Wed Aug 05 2026 01:00:00 GMT-0500 (Central Daylight Time),"Classic 8/5 7:00PM, 4 Games",3000,43754894,0,0,0,9,,,,,,,,,,,,,,,,,,,,https://dkn.gs/sports/images/nba/players/50/786496.png,,,,,,,8/5/2026,Rickea Jackson,,,,,,,,,,,,,,,,,,,,,3000,https://dkn.gs/sports/images/nba/players/50/786496.png, @ ,,,,,,,0,0,,0,0,0,,0,0
Shay Ciezki,PG/SG,PHX,Classic,Wed Aug 05 2026 01:00:00 GMT-0500 (Central Daylight Time),"Classic 8/5 7:00PM, 4 Games",3000,43754896,0,0,0,9,,,,,,,,,,,,,,,,,,,,https://dkn.gs/sports/images/nba/players/50/967971.png,,,,,,,8/5/2026,Shay Ciezki,,,,,,,,,,,,,,,,,,,,,3000,https://dkn.gs/sports/images/nba/players/50/967971.png, @ ,,,,,,,0,0,,0,0,0,,0,0
Kara Dunn,PG/SG,PHX,Classic,Wed Aug 05 2026 01:00:00 GMT-0500 (Central Daylight Time),"Classic 8/5 7:00PM, 4 Games",3000,43754898,0,0,0,9,,,,,,,,,,,,,,,,,,,,https://dkn.gs/sports/images/nba/teams/50/36128.png,,,,,,,8/5/2026,Kara Dunn,,,,,,,,,,,,,,,,,,,,,3000,https://dkn.gs/sports/images/nba/teams/50/36128.png, @ ,,,,,,,0,0,,0,0,0,,0,0
Sika Kone,SF/PF,ATL,Classic,Wed Aug 05 2026 01:00:00 GMT-0500 (Central Daylight Time),"Classic 8/5 7:00PM, 4 Games",3000,43754900,0,0,0,9,,,,,,,,,,,,,,,,,,,,https://dkn.gs/sports/images/nba/players/50/639216.png,,,,,,,8/5/2026,Sika Kone,,,,,,,,,,,,,,,,,,,,,3000,https://dkn.gs/sports/images/nba/players/50/639216.png, @ ,,,,,,,0,0,,0,0,0,,0,0
Marta Suarez,SF/PF,PHX,Classic,Wed Aug 05 2026 01:00:00 GMT-0500 (Central Daylight Time),"Classic 8/5 7:00PM, 4 Games",3000,43754902,0,0,0,9,,,,,,,,,,,,,,,,,,,,https://dkn.gs/sports/images/nba/players/50/967855.png,,,,,,,8/5/2026,Marta Suarez,,,,,,,,,,,,,,,,,,,,,3000,https://dkn.gs/sports/images/nba/players/50/967855.png, @ ,,,,,,,0,0,,0,0,0,,0,0
Kyara Linskens,SF/PF,PHX,Classic,Wed Aug 05 2026 01:00:00 GMT-0500 (Central Daylight Time),"Classic 8/5 7:00PM, 4 Games",3000,43754904,0,0,0,9,,,,,,,,,,,,,,,,,,,,https://dkn.gs/sports/images/nba/players/50/583144.png,,,,,,,8/5/2026,Kyara Linskens,,,,,,,,,,,,,,,,,,,,,3000,https://dkn.gs/sports/images/nba/players/50/583144.png, @ ,,,,,,,0,0,,0,0,0,,0,0
Taylor Thierry,SF/PF,SEA,Classic,Wed Aug 05 2026 01:00:00 GMT-0500 (Central Daylight Time),"Classic 8/5 7:00PM, 4 Games",3000,43754906,0,0,0,9,,,,,,,,,,,,,,,,,,,,https://dkn.gs/sports/images/nba/players/50/890769.png,,,,,,,8/5/2026,Taylor Thierry,,,,,,,,,,,,,,,,,,,,,3000,https://dkn.gs/sports/images/nba/players/50/890769.png, @ ,,,,,,,0,0,,0,0,0,,0,0
Mackenzie Holmes,SF/PF,SEA,Classic,Wed Aug 05 2026 01:00:00 GMT-0500 (Central Daylight Time),"Classic 8/5 7:00PM, 4 Games",3000,43754908,0,0,0,9,,,,,,,,,,,,,,,,,,,,https://dkn.gs/sports/images/nba/players/50/786530.png,,,,,,,8/5/2026,Mackenzie Holmes,,,,,,,,,,,,,,,,,,,,,3000,https://dkn.gs/sports/images/nba/players/50/786530.png, @ ,,,,,,,0,0,,0,0,0,,0,0
Emma Cannon,SF/PF,LAS,Classic,Wed Aug 05 2026 01:00:00 GMT-0500 (Central Daylight Time),"Classic 8/5 7:00PM, 4 Games",3000,43754910,0,0,0,9,,,,,,,,,,,,,,,,,,,,https://dkn.gs/sports/images/nba/players/50/116201.png,,,,,,,8/5/2026,Emma Cannon,,,,,,,,,,,,,,,,,,,,,3000,https://dkn.gs/sports/images/nba/players/50/116201.png, @ ,,,,,,,0,0,,0,0,0,,0,0
Shatori Walker-Kimbrough,PG/SG,ATL,Classic,Wed Aug 05 2026 01:00:00 GMT-0500 (Central Daylight Time),"Classic 8/5 7:00PM, 4 Games",3000,43754912,0,0,0,9,,,,,,,,,,,,,,,,,,,,https://dkn.gs/sports/images/nba/players/50/50931.png,,,,,,,8/5/2026,Shatori Walker-Kimbrough,,,,,,,,,,,,,,,,,,,,,3000,https://dkn.gs/sports/images/nba/players/50/50931.png, @ ,,,,,,,0,0,,0,0,0,,0,0
Aaliyah Nye,PG/SG,ATL,Classic,Wed Aug 05 2026 01:00:00 GMT-0500 (Central Daylight Time),"Classic 8/5 7:00PM, 4 Games",3000,43754914,0,0,0,9,,,,,,,,,,,,,,,,,,,,https://dkn.gs/sports/images/nba/players/50/890785.png,,,,,,,8/5/2026,Aaliyah Nye,,,,,,,,,,,,,,,,,,,,,3000,https://dkn.gs/sports/images/nba/players/50/890785.png, @ ,,,,,,,0,0,,0,0,0,,0,0
Indya Nivar,PG/SG,ATL,Classic,Wed Aug 05 2026 01:00:00 GMT-0500 (Central Daylight Time),"Classic 8/5 7:00PM, 4 Games",3000,43754916,0,0,0,9,,,,,,,,,,,,,,,,,,,,https://dkn.gs/sports/images/nba/players/50/967863.png,,,,,,,8/5/2026,Indya Nivar,,,,,,,,,,,,,,,,,,,,,3000,https://dkn.gs/sports/images/nba/players/50/967863.png, @ ,,,,,,,0,0,,0,0,0,,0,0
Rori Harmon,PG/SG,WAS,Classic,Wed Aug 05 2026 01:00:00 GMT-0500 (Central Daylight Time),"Classic 8/5 7:00PM, 4 Games",3000,43754918,0,0,0,9,,,,,,,,,,,,,,,,,,,,https://dkn.gs/sports/images/nba/players/50/967865.png,,,,,,,8/5/2026,Rori Harmon,,,,,,,,,,,,,,,,,,,,,3000,https://dkn.gs/sports/images/nba/players/50/967865.png, @ ,,,,,,,0,0,,0,0,0,,0,0
Lucy Olsen,PG/SG,WAS,Classic,Wed Aug 05 2026 01:00:00 GMT-0500 (Central Daylight Time),"Classic 8/5 7:00PM, 4 Games",3000,43754920,0,0,0,9,,,,,,,,,,,,,,,,,,,,https://dkn.gs/sports/images/nba/players/50/890777.png,,,,,,,8/5/2026,Lucy Olsen,,,,,,,,,,,,,,,,,,,,,3000,https://dkn.gs/sports/images/nba/players/50/890777.png, @ ,,,,,,,0,0,,0,0,0,,0,0
Betnijah Laney-Hamilton,PG/SG,NYL,Classic,Wed Aug 05 2026 01:00:00 GMT-0500 (Central Daylight Time),"Classic 8/5 7:00PM, 4 Games",3000,43754922,0,0,0,9,,,,,,,,,,,,,,,,,,,,https://dkn.gs/sports/images/nba/players/50/50819.png,,,,,,,8/5/2026,Betnijah Laney-Hamilton,,,,,,,,,,,,,,,,,,,,,3000,https://dkn.gs/sports/images/nba/players/50/50819.png, @ ,,,,,,,0,0,,0,0,0,,0,0
Costanza Verona,PG/SG,DAL,Classic,Wed Aug 05 2026 01:00:00 GMT-0500 (Central Daylight Time),"Classic 8/5 7:00PM, 4 Games",3000,43754924,0,0,0,9,,,,,,,,,,,,,,,,,,,,https://dkn.gs/sports/images/nba/teams/50/36122.png,,,,,,,8/5/2026,Costanza Verona,,,,,,,,,,,,,,,,,,,,,3000,https://dkn.gs/sports/images/nba/teams/50/36122.png, @ ,,,,,,,0,0,,0,0,0,,0,0
Haley Jones,PG/SG,DAL,Classic,Wed Aug 05 2026 01:00:00 GMT-0500 (Central Daylight Time),"Classic 8/5 7:00PM, 4 Games",3000,43754926,0,0,0,9,,,,,,,,,,,,,,,,,,,,https://dkn.gs/sports/images/nba/players/50/705001.png,,,,,,,8/5/2026,Haley Jones,,,,,,,,,,,,,,,,,,,,,3000,https://dkn.gs/sports/images/nba/players/50/705001.png, @ ,,,,,,,0,0,,0,0,0,,0,0
Kate Martin,PG/SG,LAS,Classic,Wed Aug 05 2026 01:00:00 GMT-0500 (Central Daylight Time),"Classic 8/5 7:00PM, 4 Games",3000,43754928,0,0,0,9,,,,,,,,,,,,,,,,,,,,https://dkn.gs/sports/images/nba/players/50/786523.png,,,,,,,8/5/2026,Kate Martin,,,,,,,,,,,,,,,,,,,,,3000,https://dkn.gs/sports/images/nba/players/50/786523.png, @ ,,,,,,,0,0,,0,0,0,,0,0
Taina Mair,PG/SG,SEA,Classic,Wed Aug 05 2026 01:00:00 GMT-0500 (Central Daylight Time),"Classic 8/5 7:00PM, 4 Games",3000,43754930,0,0,0,9,,,,,,,,,,,,,,,,,,,,https://dkn.gs/sports/images/nba/players/50/967859.png,,,,,,,8/5/2026,Taina Mair,,,,,,,,,,,,,,,,,,,,,3000,https://dkn.gs/sports/images/nba/players/50/967859.png, @ ,,,,,,,0,0,,0,0,0,,0,0
Alissa Pili,SF/PF,LAS,Classic,Wed Aug 05 2026 01:00:00 GMT-0500 (Central Daylight Time),"Classic 8/5 7:00PM, 4 Games",3000,43754932,0,0,0,9,,,,,,,,,,,,,,,,,,,,https://dkn.gs/sports/images/nba/players/50/786498.png,,,,,,,8/5/2026,Alissa Pili,,,,,,,,,,,,,,,,,,,,,3000,https://dkn.gs/sports/images/nba/players/50/786498.png, @ ,,,,,,,0,0,,0,0,0,,0,0
Tonie Morgan,PG/SG,LAS,Classic,Wed Aug 05 2026 01:00:00 GMT-0500 (Central Daylight Time),"Classic 8/5 7:00PM, 4 Games",3000,43754934,0,0,0,9,,,,,,,,,,,,,,,,,,,,https://dkn.gs/sports/images/nba/teams/50/36137.png,,,,,,,8/5/2026,Tonie Morgan,,,,,,,,,,,,,,,,,,,,,3000,https://dkn.gs/sports/images/nba/teams/50/36137.png, @ ,,,,,,,0,0,,0,0,0,,0,0
Jessica Shepard,CPT,DAL,Showdown Captain Mode,Wed Aug 05 2026 01:00:00 GMT-0500 (Central Daylight Time),Showdown Captain Mode 8/5 7:30PM ( @ ),17400,43755456,0,0,0,52.2,,,,,,,,,,,,,,,,,,,,https://dkn.gs/sports/images/nba/players/50/50872.png,,,,,,,8/5/2026,Jessica Shepard,,,,,,,,,,,,,,,,,,,,,11200,https://dkn.gs/sports/images/nba/players/50/50872.png, @ ,,,,,,,0,0,,0,0,0,,0,0
Jessica Shepard,SF/PF,DAL,Showdown Captain Mode,Wed Aug 05 2026 01:00:00 GMT-0500 (Central Daylight Time),Showdown Captain Mode 8/5 7:30PM ( @ ),11600,43755429,0,0,0,34.8,,,,,,,,,,,,,,,,,,,,https://dkn.gs/sports/images/nba/players/50/50872.png,,,,,,,8/5/2026,Jessica Shepard,,,,,,,,,,,,,,,,,,,,,11200,https://dkn.gs/sports/images/nba/players/50/50872.png, @ ,,,,,,,0,0,,0,0,0,,0,0
Paige Bueckers,CPT,DAL,Showdown Captain Mode,Wed Aug 05 2026 01:00:00 GMT-0500 (Central Daylight Time),Showdown Captain Mode 8/5 7:30PM ( @ ),16200,43755457,0,0,0,48.6,,,,,,,,,,,,,,,,,,,,https://dkn.gs/sports/images/nba/players/50/890739.png,,,,,,,8/5/2026,Paige Bueckers,,,,,,,,,,,,,,,,,,,,,10700,https://dkn.gs/sports/images/nba/players/50/890739.png, @ ,,,,,,,0,0,,0,0,0,,0,0
Paige Bueckers,PG/SG,DAL,Showdown Captain Mode,Wed Aug 05 2026 01:00:00 GMT-0500 (Central Daylight Time),Showdown Captain Mode 8/5 7:30PM ( @ ),10800,43755430,0,0,0,32.4,,,,,,,,,,,,,,,,,,,,https://dkn.gs/sports/images/nba/players/50/890739.png,,,,,,,8/5/2026,Paige Bueckers,,,,,,,,,,,,,,,,,,,,,10700,https://dkn.gs/sports/images/nba/players/50/890739.png, @ ,,,,,,,0,0,,0,0,0,,0,0
Shakira Austin,CPT,WAS,Showdown Captain Mode,Wed Aug 05 2026 01:00:00 GMT-0500 (Central Daylight Time),Showdown Captain Mode 8/5 7:30PM ( @ ),15900,43755458,0,0,0,47.7,,,,,,,,,,,,,,,,,,,,https://dkn.gs/sports/images/nba/players/50/639222.png,,,,,,,8/5/2026,Shakira Austin,,,,,,,,,,,,,,,,,,,,,10500,https://dkn.gs/sports/images/nba/players/50/639222.png, @ ,,,,,,,0,0,,0,0,0,,0,0
Shakira Austin,SF/PF,WAS,Showdown Captain Mode,Wed Aug 05 2026 01:00:00 GMT-0500 (Central Daylight Time),Showdown Captain Mode 8/5 7:30PM ( @ ),10600,43755431,0,0,0,31.8,,,,,,,,,,,,,,,,,,,,https://dkn.gs/sports/images/nba/players/50/639222.png,,,,,,,8/5/2026,Shakira Austin,,,,,,,,,,,,,,,,,,,,,10500,https://dkn.gs/sports/images/nba/players/50/639222.png, @ ,,,,,,,0,0,,0,0,0,,0,0
Kiki Iriafen,CPT,WAS,Showdown Captain Mode,Wed Aug 05 2026 01:00:00 GMT-0500 (Central Daylight Time),Showdown Captain Mode 8/5 7:30PM ( @ ),14400,43755459,0,0,0,43.2,,,,,,,,,,,,,,,,,,,,https://dkn.gs/sports/images/nba/players/50/890745.png,,,,,,,8/5/2026,Kiki Iriafen,,,,,,,,,,,,,,,,,,,,,9500,https://dkn.gs/sports/images/nba/players/50/890745.png, @ ,,,,,,,0,0,,0,0,0,,0,0
Kiki Iriafen,SF/PF,WAS,Showdown Captain Mode,Wed Aug 05 2026 01:00:00 GMT-0500 (Central Daylight Time),Showdown Captain Mode 8/5 7:30PM ( @ ),9600,43755432,0,0,0,28.8,,,,,,,,,,,,,,,,,,,,https://dkn.gs/sports/images/nba/players/50/890745.png,,,,,,,8/5/2026,Kiki Iriafen,,,,,,,,,,,,,,,,,,,,,9500,https://dkn.gs/sports/images/nba/players/50/890745.png, @ ,,,,,,,0,0,,0,0,0,,0,0
Arike Ogunbowale,CPT,DAL,Showdown Captain Mode,Wed Aug 05 2026 01:00:00 GMT-0500 (Central Daylight Time),Showdown Captain Mode 8/5 7:30PM ( @ ),14100,43755460,0,0,0,42.3,,,,,,,,,,,,,,,,,,,,https://dkn.gs/sports/images/nba/players/50/50813.png,,,,,,,8/5/2026,Arike Ogunbowale,,,,,,,,,,,,,,,,,,,,,9400,https://dkn.gs/sports/images/nba/players/50/50813.png, @ ,,,,,,,0,0,,0,0,0,,0,0
Arike Ogunbowale,PG/SG,DAL,Showdown Captain Mode,Wed Aug 05 2026 01:00:00 GMT-0500 (Central Daylight Time),Showdown Captain Mode 8/5 7:30PM ( @ ),9400,43755433,0,0,0,28.2,,,,,,,,,,,,,,,,,,,,https://dkn.gs/sports/images/nba/players/50/50813.png,,,,,,,8/5/2026,Arike Ogunbowale,,,,,,,,,,,,,,,,,,,,,9400,https://dkn.gs/sports/images/nba/players/50/50813.png, @ ,,,,,,,0,0,,0,0,0,,0,0
Sonia Citron,CPT,WAS,Showdown Captain Mode,Wed Aug 05 2026 01:00:00 GMT-0500 (Central Daylight Time),Showdown Captain Mode 8/5 7:30PM ( @ ),12900,43755461,0,0,0,38.7,,,,,,,,,,,,,,,,,,,,https://dkn.gs/sports/images/nba/players/50/890746.png,,,,,,,8/5/2026,Sonia Citron,,,,,,,,,,,,,,,,,,,,,8600,https://dkn.gs/sports/images/nba/players/50/890746.png, @ ,,,,,,,0,0,,0,0,0,,0,0
Sonia Citron,PG/SG,WAS,Showdown Captain Mode,Wed Aug 05 2026 01:00:00 GMT-0500 (Central Daylight Time),Showdown Captain Mode 8/5 7:30PM ( @ ),8600,43755434,0,0,0,25.8,,,,,,,,,,,,,,,,,,,,https://dkn.gs/sports/images/nba/players/50/890746.png,,,,,,,8/5/2026,Sonia Citron,,,,,,,,,,,,,,,,,,,,,8600,https://dkn.gs/sports/images/nba/players/50/890746.png, @ ,,,,,,,0,0,,0,0,0,,0,0
Azzi Fudd,CPT,DAL,Showdown Captain Mode,Wed Aug 05 2026 01:00:00 GMT-0500 (Central Daylight Time),Showdown Captain Mode 8/5 7:30PM ( @ ),12000,43755462,0,0,0,36,,,,,,,,,,,,,,,,,,,,https://dkn.gs/sports/images/nba/players/50/967839.png,,,,,,,8/5/2026,Azzi Fudd,,,,,,,,,,,,,,,,,,,,,8000,https://dkn.gs/sports/images/nba/players/50/967839.png, @ ,,,,,,,0,0,,0,0,0,,0,0
Azzi Fudd,PG/SG,DAL,Showdown Captain Mode,Wed Aug 05 2026 01:00:00 GMT-0500 (Central Daylight Time),Showdown Captain Mode 8/5 7:30PM ( @ ),8000,43755435,0,0,0,24,,,,,,,,,,,,,,,,,,,,https://dkn.gs/sports/images/nba/players/50/967839.png,,,,,,,8/5/2026,Azzi Fudd,,,,,,,,,,,,,,,,,,,,,8000,https://dkn.gs/sports/images/nba/players/50/967839.png, @ ,,,,,,,0,0,,0,0,0,,0,0
Michaela Onyenwere,CPT,WAS,Showdown Captain Mode,Wed Aug 05 2026 01:00:00 GMT-0500 (Central Daylight Time),Showdown Captain Mode 8/5 7:30PM ( @ ),10500,43755463,0,0,0,31.5,,,,,,,,,,,,,,,,,,,,https://dkn.gs/sports/images/nba/players/50/559036.png,,,,,,,8/5/2026,Michaela Onyenwere,,,,,,,,,,,,,,,,,,,,,7200,https://dkn.gs/sports/images/nba/players/50/559036.png, @ ,,,,,,,0,0,,0,0,0,,0,0
Michaela Onyenwere,SF/PF,WAS,Showdown Captain Mode,Wed Aug 05 2026 01:00:00 GMT-0500 (Central Daylight Time),Showdown Captain Mode 8/5 7:30PM ( @ ),7000,43755436,0,0,0,21,,,,,,,,,,,,,,,,,,,,https://dkn.gs/sports/images/nba/players/50/559036.png,,,,,,,8/5/2026,Michaela Onyenwere,,,,,,,,,,,,,,,,,,,,,7200,https://dkn.gs/sports/images/nba/players/50/559036.png, @ ,,,,,,,0,0,,0,0,0,,0,0
Lauren Betts,CPT,WAS,Showdown Captain Mode,Wed Aug 05 2026 01:00:00 GMT-0500 (Central Daylight Time),Showdown Captain Mode 8/5 7:30PM ( @ ),8400,43755464,0,0,0,25.2,,,,,,,,,,,,,,,,,,,,https://dkn.gs/sports/images/nba/players/50/967837.png,,,,,,,8/5/2026,Lauren Betts,,,,,,,,,,,,,,,,,,,,,5900,https://dkn.gs/sports/images/nba/players/50/967837.png, @ ,,,,,,,0,0,,0,0,0,,0,0
Lauren Betts,SF/PF,WAS,Showdown Captain Mode,Wed Aug 05 2026 01:00:00 GMT-0500 (Central Daylight Time),Showdown Captain Mode 8/5 7:30PM ( @ ),5600,43755437,0,0,0,16.8,,,,,,,,,,,,,,,,,,,,https://dkn.gs/sports/images/nba/players/50/967837.png,,,,,,,8/5/2026,Lauren Betts,,,,,,,,,,,,,,,,,,,,,5900,https://dkn.gs/sports/images/nba/players/50/967837.png, @ ,,,,,,,0,0,,0,0,0,,0,0
Georgia Amoore,CPT,WAS,Showdown Captain Mode,Wed Aug 05 2026 01:00:00 GMT-0500 (Central Daylight Time),Showdown Captain Mode 8/5 7:30PM ( @ ),7800,43755465,0,0,0,23.4,,,,,,,,,,,,,,,,,,,,https://dkn.gs/sports/images/nba/players/50/788762.png,,,,,,,8/5/2026,Georgia Amoore,,,,,,,,,,,,,,,,,,,,,5500,https://dkn.gs/sports/images/nba/players/50/788762.png, @ ,,,,,,,0,0,,0,0,0,,0,0
Georgia Amoore,PG/SG,WAS,Showdown Captain Mode,Wed Aug 05 2026 01:00:00 GMT-0500 (Central Daylight Time),Showdown Captain Mode 8/5 7:30PM ( @ ),5200,43755438,0,0,0,15.6,,,,,,,,,,,,,,,,,,,,https://dkn.gs/sports/images/nba/players/50/788762.png,,,,,,,8/5/2026,Georgia Amoore,,,,,,,,,,,,,,,,,,,,,5500,https://dkn.gs/sports/images/nba/players/50/788762.png, @ ,,,,,,,0,0,,0,0,0,,0,0
Cotie McMahon,CPT,WAS,Showdown Captain Mode,Wed Aug 05 2026 01:00:00 GMT-0500 (Central Daylight Time),Showdown Captain Mode 8/5 7:30PM ( @ ),7200,43755466,0,0,0,21.6,,,,,,,,,,,,,,,,,,,,https://dkn.gs/sports/images/nba/players/50/967850.png,,,,,,,8/5/2026,Cotie McMahon,,,,,,,,,,,,,,,,,,,,,5200,https://dkn.gs/sports/images/nba/players/50/967850.png, @ ,,,,,,,0,0,,0,0,0,,0,0
Cotie McMahon,SF/PF,WAS,Showdown Captain Mode,Wed Aug 05 2026 01:00:00 GMT-0500 (Central Daylight Time),Showdown Captain Mode 8/5 7:30PM ( @ ),4800,43755439,0,0,0,14.4,,,,,,,,,,,,,,,,,,,,https://dkn.gs/sports/images/nba/players/50/967850.png,,,,,,,8/5/2026,Cotie McMahon,,,,,,,,,,,,,,,,,,,,,5200,https://dkn.gs/sports/images/nba/players/50/967850.png, @ ,,,,,,,0,0,,0,0,0,,0,0
Maddy Siegrist,CPT,DAL,Showdown Captain Mode,Wed Aug 05 2026 01:00:00 GMT-0500 (Central Daylight Time),Showdown Captain Mode 8/5 7:30PM ( @ ),6900,43755467,0,0,0,20.7,,,,,,,,,,,,,,,,,,,,https://dkn.gs/sports/images/nba/players/50/704997.png,,,,,,,8/5/2026,Maddy Siegrist,,,,,,,,,,,,,,,,,,,,,5000,https://dkn.gs/sports/images/nba/players/50/704997.png, @ ,,,,,,,0,0,,0,0,0,,0,0
Maddy Siegrist,SF/PF,DAL,Showdown Captain Mode,Wed Aug 05 2026 01:00:00 GMT-0500 (Central Daylight Time),Showdown Captain Mode 8/5 7:30PM ( @ ),4600,43755440,0,0,0,13.8,,,,,,,,,,,,,,,,,,,,https://dkn.gs/sports/images/nba/players/50/704997.png,,,,,,,8/5/2026,Maddy Siegrist,,,,,,,,,,,,,,,,,,,,,5000,https://dkn.gs/sports/images/nba/players/50/704997.png, @ ,,,,,,,0,0,,0,0,0,,0,0
Awak Kuier,CPT,DAL,Showdown Captain Mode,Wed Aug 05 2026 01:00:00 GMT-0500 (Central Daylight Time),Showdown Captain Mode 8/5 7:30PM ( @ ),6300,43755468,0,0,0,18.9,,,,,,,,,,,,,,,,,,,,https://dkn.gs/sports/images/nba/players/50/559017.png,,,,,,,8/5/2026,Awak Kuier,,,,,,,,,,,,,,,,,,,,,4600,https://dkn.gs/sports/images/nba/players/50/559017.png, @ ,,,,,,,0,0,,0,0,0,,0,0
Awak Kuier,SF/PF,DAL,Showdown Captain Mode,Wed Aug 05 2026 01:00:00 GMT-0500 (Central Daylight Time),Showdown Captain Mode 8/5 7:30PM ( @ ),4200,43755441,0,0,0,12.6,,,,,,,,,,,,,,,,,,,,https://dkn.gs/sports/images/nba/players/50/559017.png,,,,,,,8/5/2026,Awak Kuier,,,,,,,,,,,,,,,,,,,,,4600,https://dkn.gs/sports/images/nba/players/50/559017.png, @ ,,,,,,,0,0,,0,0,0,,0,0
Alanna Smith,CPT,DAL,Showdown Captain Mode,Wed Aug 05 2026 01:00:00 GMT-0500 (Central Daylight Time),Showdown Captain Mode 8/5 7:30PM ( @ ),5400,43755469,0,0,0,16.2,,,,,,,,,,,,,,,,,,,,https://dkn.gs/sports/images/nba/players/50/50904.png,,,,,,,8/5/2026,Alanna Smith,,,,,,,,,,,,,,,,,,,,,4000,https://dkn.gs/sports/images/nba/players/50/50904.png, @ ,,,,,,,0,0,,0,0,0,,0,0
Alanna Smith,SF/PF,DAL,Showdown Captain Mode,Wed Aug 05 2026 01:00:00 GMT-0500 (Central Daylight Time),Showdown Captain Mode 8/5 7:30PM ( @ ),3600,43755442,0,0,0,10.8,,,,,,,,,,,,,,,,,,,,https://dkn.gs/sports/images/nba/players/50/50904.png,,,,,,,8/5/2026,Alanna Smith,,,,,,,,,,,,,,,,,,,,,4000,https://dkn.gs/sports/images/nba/players/50/50904.png, @ ,,,,,,,0,0,,0,0,0,,0,0
Odyssey Sims,CPT,DAL,Showdown Captain Mode,Wed Aug 05 2026 01:00:00 GMT-0500 (Central Daylight Time),Showdown Captain Mode 8/5 7:30PM ( @ ),5100,43755470,0,0,0,15.3,,,,,,,,,,,,,,,,,,,,https://dkn.gs/sports/images/nba/players/50/50865.png,,,,,,,8/5/2026,Odyssey Sims,,,,,,,,,,,,,,,,,,,,,3700,https://dkn.gs/sports/images/nba/players/50/50865.png, @ ,,,,,,,0,0,,0,0,0,,0,0
Odyssey Sims,PG/SG,DAL,Showdown Captain Mode,Wed Aug 05 2026 01:00:00 GMT-0500 (Central Daylight Time),Showdown Captain Mode 8/5 7:30PM ( @ ),3400,43755443,0,0,0,10.2,,,,,,,,,,,,,,,,,,,,https://dkn.gs/sports/images/nba/players/50/50865.png,,,,,,,8/5/2026,Odyssey Sims,,,,,,,,,,,,,,,,,,,,,3700,https://dkn.gs/sports/images/nba/players/50/50865.png, @ ,,,,,,,0,0,,0,0,0,,0,0
Aziaha James,CPT,DAL,Showdown Captain Mode,Wed Aug 05 2026 01:00:00 GMT-0500 (Central Daylight Time),Showdown Captain Mode 8/5 7:30PM ( @ ),4800,43755471,0,0,0,14.4,,,,,,,,,,,,,,,,,,,,https://dkn.gs/sports/images/nba/players/50/890748.png,,,,,,,8/5/2026,Aziaha James,,,,,,,,,,,,,,,,,,,,,3600,https://dkn.gs/sports/images/nba/players/50/890748.png, @ ,,,,,,,0,0,,0,0,0,,0,0
Aziaha James,PG/SG,DAL,Showdown Captain Mode,Wed Aug 05 2026 01:00:00 GMT-0500 (Central Daylight Time),Showdown Captain Mode 8/5 7:30PM ( @ ),3200,43755444,0,0,0,9.6,,,,,,,,,,,,,,,,,,,,https://dkn.gs/sports/images/nba/players/50/890748.png,,,,,,,8/5/2026,Aziaha James,,,,,,,,,,,,,,,,,,,,,3600,https://dkn.gs/sports/images/nba/players/50/890748.png, @ ,,,,,,,0,0,,0,0,0,,0,0
Li Yueru,CPT,DAL,Showdown Captain Mode,Wed Aug 05 2026 01:00:00 GMT-0500 (Central Daylight Time),Showdown Captain Mode 8/5 7:30PM ( @ ),4500,43755472,0,0,0,13.5,,,,,,,,,,,,,,,,,,,,https://dkn.gs/sports/images/nba/players/50/116299.png,,,,,,,8/5/2026,Li Yueru,,,,,,,,,,,,,,,,,,,,,3500,https://dkn.gs/sports/images/nba/players/50/116299.png, @ ,,,,,,,0,0,,0,0,0,,0,0
Li Yueru,SF/PF,DAL,Showdown Captain Mode,Wed Aug 05 2026 01:00:00 GMT-0500 (Central Daylight Time),Showdown Captain Mode 8/5 7:30PM ( @ ),3000,43755445,0,0,0,9,,,,,,,,,,,,,,,,,,,,https://dkn.gs/sports/images/nba/players/50/116299.png,,,,,,,8/5/2026,Li Yueru,,,,,,,,,,,,,,,,,,,,,3500,https://dkn.gs/sports/images/nba/players/50/116299.png, @ ,,,,,,,0,0,,0,0,0,,0,0
Alysha Clark,CPT,DAL,Showdown Captain Mode,Wed Aug 05 2026 01:00:00 GMT-0500 (Central Daylight Time),Showdown Captain Mode 8/5 7:30PM ( @ ),4200,43755473,0,0,0,12.6,,,,,,,,,,,,,,,,,,,,https://dkn.gs/sports/images/nba/players/50/50913.png,,,,,,,8/5/2026,Alysha Clark,,,,,,,,,,,,,,,,,,,,,3300,https://dkn.gs/sports/images/nba/players/50/50913.png, @ ,,,,,,,0,0,,0,0,0,,0,0
Alysha Clark,SF/PF,DAL,Showdown Captain Mode,Wed Aug 05 2026 01:00:00 GMT-0500 (Central Daylight Time),Showdown Captain Mode 8/5 7:30PM ( @ ),2800,43755446,0,0,0,8.4,,,,,,,,,,,,,,,,,,,,https://dkn.gs/sports/images/nba/players/50/50913.png,,,,,,,8/5/2026,Alysha Clark,,,,,,,,,,,,,,,,,,,,,3300,https://dkn.gs/sports/images/nba/players/50/50913.png, @ ,,,,,,,0,0,,0,0,0,,0,0
Sug Sutton,CPT,DAL,Showdown Captain Mode,Wed Aug 05 2026 01:00:00 GMT-0500 (Central Daylight Time),Showdown Captain Mode 8/5 7:30PM ( @ ),3900,43755474,0,0,0,11.7,,,,,,,,,,,,,,,,,,,,https://dkn.gs/sports/images/nba/players/50/485171.png,,,,,,,8/5/2026,Sug Sutton,,,,,,,,,,,,,,,,,,,,,3200,https://dkn.gs/sports/images/nba/players/50/485171.png, @ ,,,,,,,0,0,,0,0,0,,0,0
Sug Sutton,PG/SG,DAL,Showdown Captain Mode,Wed Aug 05 2026 01:00:00 GMT-0500 (Central Daylight Time),Showdown Captain Mode 8/5 7:30PM ( @ ),2600,43755447,0,0,0,7.8,,,,,,,,,,,,,,,,,,,,https://dkn.gs/sports/images/nba/players/50/485171.png,,,,,,,8/5/2026,Sug Sutton,,,,,,,,,,,,,,,,,,,,,3200,https://dkn.gs/sports/images/nba/players/50/485171.png, @ ,,,,,,,0,0,,0,0,0,,0,0
Alicia Florez,CPT,WAS,Showdown Captain Mode,Wed Aug 05 2026 01:00:00 GMT-0500 (Central Daylight Time),Showdown Captain Mode 8/5 7:30PM ( @ ),3600,43755475,0,0,0,10.8,,,,,,,,,,,,,,,,,,,,https://dkn.gs/sports/images/nba/teams/50/36131.png,,,,,,,8/5/2026,Alicia Florez,,,,,,,,,,,,,,,,,,,,,3100,https://dkn.gs/sports/images/nba/teams/50/36131.png, @ ,,,,,,,0,0,,0,0,0,,0,0
Alicia Florez,PG/SG,WAS,Showdown Captain Mode,Wed Aug 05 2026 01:00:00 GMT-0500 (Central Daylight Time),Showdown Captain Mode 8/5 7:30PM ( @ ),2400,43755448,0,0,0,7.2,,,,,,,,,,,,,,,,,,,,https://dkn.gs/sports/images/nba/teams/50/36131.png,,,,,,,8/5/2026,Alicia Florez,,,,,,,,,,,,,,,,,,,,,3100,https://dkn.gs/sports/images/nba/teams/50/36131.png, @ ,,,,,,,0,0,,0,0,0,,0,0
Angela Dugalic,CPT,WAS,Showdown Captain Mode,Wed Aug 05 2026 01:00:00 GMT-0500 (Central Daylight Time),Showdown Captain Mode 8/5 7:30PM ( @ ),3300,43755476,0,0,0,9.9,,,,,,,,,,,,,,,,,,,,https://dkn.gs/sports/images/nba/players/50/967836.png,,,,,,,8/5/2026,Angela Dugalic,,,,,,,,,,,,,,,,,,,,,3100,https://dkn.gs/sports/images/nba/players/50/967836.png, @ ,,,,,,,0,0,,0,0,0,,0,0
Angela Dugalic,SF/PF,WAS,Showdown Captain Mode,Wed Aug 05 2026 01:00:00 GMT-0500 (Central Daylight Time),Showdown Captain Mode 8/5 7:30PM ( @ ),2200,43755449,0,0,0,6.6,,,,,,,,,,,,,,,,,,,,https://dkn.gs/sports/images/nba/players/50/967836.png,,,,,,,8/5/2026,Angela Dugalic,,,,,,,,,,,,,,,,,,,,,3100,https://dkn.gs/sports/images/nba/players/50/967836.png, @ ,,,,,,,0,0,,0,0,0,,0,0
Cassandre Prosper,CPT,WAS,Showdown Captain Mode,Wed Aug 05 2026 01:00:00 GMT-0500 (Central Daylight Time),Showdown Captain Mode 8/5 7:30PM ( @ ),3000,43755477,0,0,0,9,,,,,,,,,,,,,,,,,,,,https://dkn.gs/sports/images/nba/players/50/802098.png,,,,,,,8/5/2026,Cassandre Prosper,,,,,,,,,,,,,,,,,,,,,3000,https://dkn.gs/sports/images/nba/players/50/802098.png, @ ,,,,,,,0,0,,0,0,0,,0,0
Cassandre Prosper,PG/SG,WAS,Showdown Captain Mode,Wed Aug 05 2026 01:00:00 GMT-0500 (Central Daylight Time),Showdown Captain Mode 8/5 7:30PM ( @ ),2000,43755450,0,0,0,6,,,,,,,,,,,,,,,,,,,,https://dkn.gs/sports/images/nba/players/50/802098.png,,,,,,,8/5/2026,Cassandre Prosper,,,,,,,,,,,,,,,,,,,,,3000,https://dkn.gs/sports/images/nba/players/50/802098.png, @ ,,,,,,,0,0,,0,0,0,,0,0
Rori Harmon,CPT,WAS,Showdown Captain Mode,Wed Aug 05 2026 01:00:00 GMT-0500 (Central Daylight Time),Showdown Captain Mode 8/5 7:30PM ( @ ),3000,43755478,0,0,0,9,,,,,,,,,,,,,,,,,,,,https://dkn.gs/sports/images/nba/players/50/967865.png,,,,,,,8/5/2026,Rori Harmon,,,,,,,,,,,,,,,,,,,,,3000,https://dkn.gs/sports/images/nba/players/50/967865.png, @ ,,,,,,,0,0,,0,0,0,,0,0
Rori Harmon,PG/SG,WAS,Showdown Captain Mode,Wed Aug 05 2026 01:00:00 GMT-0500 (Central Daylight Time),Showdown Captain Mode 8/5 7:30PM ( @ ),2000,43755451,0,0,0,6,,,,,,,,,,,,,,,,,,,,https://dkn.gs/sports/images/nba/players/50/967865.png,,,,,,,8/5/2026,Rori Harmon,,,,,,,,,,,,,,,,,,,,,3000,https://dkn.gs/sports/images/nba/players/50/967865.png, @ ,,,,,,,0,0,,0,0,0,,0,0
Lucy Olsen,CPT,WAS,Showdown Captain Mode,Wed Aug 05 2026 01:00:00 GMT-0500 (Central Daylight Time),Showdown Captain Mode 8/5 7:30PM ( @ ),3000,43755479,0,0,0,9,,,,,,,,,,,,,,,,,,,,https://dkn.gs/sports/images/nba/players/50/890777.png,,,,,,,8/5/2026,Lucy Olsen,,,,,,,,,,,,,,,,,,,,,3000,https://dkn.gs/sports/images/nba/players/50/890777.png, @ ,,,,,,,0,0,,0,0,0,,0,0
Lucy Olsen,PG/SG,WAS,Showdown Captain Mode,Wed Aug 05 2026 01:00:00 GMT-0500 (Central Daylight Time),Showdown Captain Mode 8/5 7:30PM ( @ ),2000,43755452,0,0,0,6,,,,,,,,,,,,,,,,,,,,https://dkn.gs/sports/images/nba/players/50/890777.png,,,,,,,8/5/2026,Lucy Olsen,,,,,,,,,,,,,,,,,,,,,3000,https://dkn.gs/sports/images/nba/players/50/890777.png, @ ,,,,,,,0,0,,0,0,0,,0,0
Costanza Verona,CPT,DAL,Showdown Captain Mode,Wed Aug 05 2026 01:00:00 GMT-0500 (Central Daylight Time),Showdown Captain Mode 8/5 7:30PM ( @ ),3000,43755480,0,0,0,9,,,,,,,,,,,,,,,,,,,,https://dkn.gs/sports/images/nba/teams/50/36122.png,,,,,,,8/5/2026,Costanza Verona,,,,,,,,,,,,,,,,,,,,,3000,https://dkn.gs/sports/images/nba/teams/50/36122.png, @ ,,,,,,,0,0,,0,0,0,,0,0
Costanza Verona,PG/SG,DAL,Showdown Captain Mode,Wed Aug 05 2026 01:00:00 GMT-0500 (Central Daylight Time),Showdown Captain Mode 8/5 7:30PM ( @ ),2000,43755453,0,0,0,6,,,,,,,,,,,,,,,,,,,,https://dkn.gs/sports/images/nba/teams/50/36122.png,,,,,,,8/5/2026,Costanza Verona,,,,,,,,,,,,,,,,,,,,,3000,https://dkn.gs/sports/images/nba/teams/50/36122.png, @ ,,,,,,,0,0,,0,0,0,,0,0
Haley Jones,CPT,DAL,Showdown Captain Mode,Wed Aug 05 2026 01:00:00 GMT-0500 (Central Daylight Time),Showdown Captain Mode 8/5 7:30PM ( @ ),3000,43755481,0,0,0,9,,,,,,,,,,,,,,,,,,,,https://dkn.gs/sports/images/nba/players/50/705001.png,,,,,,,8/5/2026,Haley Jones,,,,,,,,,,,,,,,,,,,,,3000,https://dkn.gs/sports/images/nba/players/50/705001.png, @ ,,,,,,,0,0,,0,0,0,,0,0
Haley Jones,PG/SG,DAL,Showdown Captain Mode,Wed Aug 05 2026 01:00:00 GMT-0500 (Central Daylight Time),Showdown Captain Mode 8/5 7:30PM ( @ ),2000,43755454,0,0,0,6,,,,,,,,,,,,,,,,,,,,https://dkn.gs/sports/images/nba/players/50/705001.png,,,,,,,8/5/2026,Haley Jones,,,,,,,,,,,,,,,,,,,,,3000,https://dkn.gs/sports/images/nba/players/50/705001.png, @ ,,,,,,,0,0,,0,0,0,,0,0
Darianna Littlepage-Buggs,CPT,WAS,Showdown Captain Mode,Wed Aug 05 2026 01:00:00 GMT-0500 (Central Daylight Time),Showdown Captain Mode 8/5 7:30PM ( @ ),3000,43755482,0,0,0,9,,,,,,,,,,,,,,,,,,,,https://dkn.gs/sports/images/nba/players/50/967866.png,,,,,,,8/5/2026,Darianna Littlepage-Buggs,,,,,,,,,,,,,,,,,,,,,3000,https://dkn.gs/sports/images/nba/players/50/967866.png, @ ,,,,,,,0,0,,0,0,0,,0,0
Darianna Littlepage-Buggs,SF/PF,WAS,Showdown Captain Mode,Wed Aug 05 2026 01:00:00 GMT-0500 (Central Daylight Time),Showdown Captain Mode 8/5 7:30PM ( @ ),2000,43755455,0,0,0,6,,,,,,,,,,,,,,,,,,,,https://dkn.gs/sports/images/nba/players/50/967866.png,,,,,,,8/5/2026,Darianna Littlepage-Buggs,,,,,,,,,,,,,,,,,,,,,3000,https://dkn.gs/sports/images/nba/players/50/967866.png, @ ,,,,,,,0,0,,0,0,0,,0,0
Nneka Ogwumike,CPT,LAS,Showdown Captain Mode,Wed Aug 05 2026 01:00:00 GMT-0500 (Central Daylight Time),Showdown Captain Mode 8/5 9:00PM ( @ ),17100,43755511,0,0,0,51.3,,,,,,,,,,,,,,,,,,,,https://dkn.gs/sports/images/nba/players/50/50847.png,,,,,,,8/5/2026,Nneka Ogwumike,,,,,,,,,,,,,,,,,,,,,11000,https://dkn.gs/sports/images/nba/players/50/50847.png, @ ,,,,,,,0,0,,0,0,0,,0,0
Nneka Ogwumike,SF/PF,LAS,Showdown Captain Mode,Wed Aug 05 2026 01:00:00 GMT-0500 (Central Daylight Time),Showdown Captain Mode 8/5 9:00PM ( @ ),11400,43755483,0,0,0,34.2,,,,,,,,,,,,,,,,,,,,https://dkn.gs/sports/images/nba/players/50/50847.png,,,,,,,8/5/2026,Nneka Ogwumike,,,,,,,,,,,,,,,,,,,,,11000,https://dkn.gs/sports/images/nba/players/50/50847.png, @ ,,,,,,,0,0,,0,0,0,,0,0
Dearica Hamby,CPT,LAS,Showdown Captain Mode,Wed Aug 05 2026 01:00:00 GMT-0500 (Central Daylight Time),Showdown Captain Mode 8/5 9:00PM ( @ ),15600,43755512,0,0,0,46.8,,,,,,,,,,,,,,,,,,,,https://dkn.gs/sports/images/nba/players/50/50837.png,,,,,,,8/5/2026,Dearica Hamby,,,,,,,,,,,,,,,,,,,,,10200,https://dkn.gs/sports/images/nba/players/50/50837.png, @ ,,,,,,,0,0,,0,0,0,,0,0
Dearica Hamby,SF/PF,LAS,Showdown Captain Mode,Wed Aug 05 2026 01:00:00 GMT-0500 (Central Daylight Time),Showdown Captain Mode 8/5 9:00PM ( @ ),10400,43755484,0,0,0,31.2,,,,,,,,,,,,,,,,,,,,https://dkn.gs/sports/images/nba/players/50/50837.png,,,,,,,8/5/2026,Dearica Hamby,,,,,,,,,,,,,,,,,,,,,10200,https://dkn.gs/sports/images/nba/players/50/50837.png, @ ,,,,,,,0,0,,0,0,0,,0,0
Azura Stevens,CPT,CHI,Showdown Captain Mode,Wed Aug 05 2026 01:00:00 GMT-0500 (Central Daylight Time),Showdown Captain Mode 8/5 9:00PM ( @ ),15000,43755531,0,0,0,45,,,,,,,,,,,,,,,,,,,,https://dkn.gs/sports/images/nba/players/50/50811.png,,,,,,,8/5/2026,Azura Stevens,,,,,,,,,,,,,,,,,,,,,9700,https://dkn.gs/sports/images/nba/players/50/50811.png, @ ,,,,,,,0,0,,0,0,0,,0,0
Azura Stevens,SF/PF,CHI,Showdown Captain Mode,Wed Aug 05 2026 01:00:00 GMT-0500 (Central Daylight Time),Showdown Captain Mode 8/5 9:00PM ( @ ),10000,43755503,0,0,0,30,,,,,,,,,,,,,,,,,,,,https://dkn.gs/sports/images/nba/players/50/50811.png,,,,,,,8/5/2026,Azura Stevens,,,,,,,,,,,,,,,,,,,,,9700,https://dkn.gs/sports/images/nba/players/50/50811.png, @ ,,,,,,,0,0,,0,0,0,,0,0
Kamilla Cardoso,CPT,CHI,Showdown Captain Mode,Wed Aug 05 2026 01:00:00 GMT-0500 (Central Daylight Time),Showdown Captain Mode 8/5 9:00PM ( @ ),14400,43755513,0,0,0,43.2,,,,,,,,,,,,,,,,,,,,https://dkn.gs/sports/images/nba/players/50/786493.png,,,,,,,8/5/2026,Kamilla Cardoso,,,,,,,,,,,,,,,,,,,,,9300,https://dkn.gs/sports/images/nba/players/50/786493.png, @ ,,,,,,,0,0,,0,0,0,,0,0
Kamilla Cardoso,SF/PF,CHI,Showdown Captain Mode,Wed Aug 05 2026 01:00:00 GMT-0500 (Central Daylight Time),Showdown Captain Mode 8/5 9:00PM ( @ ),9600,43755485,0,0,0,28.8,,,,,,,,,,,,,,,,,,,,https://dkn.gs/sports/images/nba/players/50/786493.png,,,,,,,8/5/2026,Kamilla Cardoso,,,,,,,,,,,,,,,,,,,,,9300,https://dkn.gs/sports/images/nba/players/50/786493.png, @ ,,,,,,,0,0,,0,0,0,,0,0
Sydney Taylor,CPT,CHI,Showdown Captain Mode,Wed Aug 05 2026 01:00:00 GMT-0500 (Central Daylight Time),Showdown Captain Mode 8/5 9:00PM ( @ ),13800,43755532,0,0,0,41.4,,,,,,,,,,,,,,,,,,,,https://dkn.gs/sports/images/nba/players/50/967834.png,,,,,,,8/5/2026,Sydney Taylor,,,,,,,,,,,,,,,,,,,,,9000,https://dkn.gs/sports/images/nba/players/50/967834.png, @ ,,,,,,,0,0,,0,0,0,,0,0
Sydney Taylor,PG/SG,CHI,Showdown Captain Mode,Wed Aug 05 2026 01:00:00 GMT-0500 (Central Daylight Time),Showdown Captain Mode 8/5 9:00PM ( @ ),9200,43755504,0,0,0,27.6,,,,,,,,,,,,,,,,,,,,https://dkn.gs/sports/images/nba/players/50/967834.png,,,,,,,8/5/2026,Sydney Taylor,,,,,,,,,,,,,,,,,,,,,9000,https://dkn.gs/sports/images/nba/players/50/967834.png, @ ,,,,,,,0,0,,0,0,0,,0,0
Skylar Diggins,CPT,CHI,Showdown Captain Mode,Wed Aug 05 2026 01:00:00 GMT-0500 (Central Daylight Time),Showdown Captain Mode 8/5 9:00PM ( @ ),13500,43755533,0,0,0,40.5,,,,,,,,,,,,,,,,,,,,https://dkn.gs/sports/images/nba/players/50/50803.png,,,,,,,8/5/2026,Skylar Diggins,,,,,,,,,,,,,,,,,,,,,8700,https://dkn.gs/sports/images/nba/players/50/50803.png, @ ,,,,,,,0,0,,0,0,0,,0,0
Skylar Diggins,PG/SG,CHI,Showdown Captain Mode,Wed Aug 05 2026 01:00:00 GMT-0500 (Central Daylight Time),Showdown Captain Mode 8/5 9:00PM ( @ ),9000,43755505,0,0,0,27,,,,,,,,,,,,,,,,,,,,https://dkn.gs/sports/images/nba/players/50/50803.png,,,,,,,8/5/2026,Skylar Diggins,,,,,,,,,,,,,,,,,,,,,8700,https://dkn.gs/sports/images/nba/players/50/50803.png, @ ,,,,,,,0,0,,0,0,0,,0,0
Rae Burrell,CPT,LAS,Showdown Captain Mode,Wed Aug 05 2026 01:00:00 GMT-0500 (Central Daylight Time),Showdown Captain Mode 8/5 9:00PM ( @ ),12900,43755514,0,0,0,38.7,,,,,,,,,,,,,,,,,,,,https://dkn.gs/sports/images/nba/players/50/639209.png,,,,,,,8/5/2026,Rae Burrell,,,,,,,,,,,,,,,,,,,,,8100,https://dkn.gs/sports/images/nba/players/50/639209.png, @ ,,,,,,,0,0,,0,0,0,,0,0
Rae Burrell,PG/SG,LAS,Showdown Captain Mode,Wed Aug 05 2026 01:00:00 GMT-0500 (Central Daylight Time),Showdown Captain Mode 8/5 9:00PM ( @ ),8600,43755486,0,0,0,25.8,,,,,,,,,,,,,,,,,,,,https://dkn.gs/sports/images/nba/players/50/639209.png,,,,,,,8/5/2026,Rae Burrell,,,,,,,,,,,,,,,,,,,,,8100,https://dkn.gs/sports/images/nba/players/50/639209.png, @ ,,,,,,,0,0,,0,0,0,,0,0
Ariel Atkins,CPT,LAS,Showdown Captain Mode,Wed Aug 05 2026 01:00:00 GMT-0500 (Central Daylight Time),Showdown Captain Mode 8/5 9:00PM ( @ ),12600,43755515,0,0,0,37.8,,,,,,,,,,,,,,,,,,,,https://dkn.gs/sports/images/nba/players/50/50932.png,,,,,,,8/5/2026,Ariel Atkins,,,,,,,,,,,,,,,,,,,,,7800,https://dkn.gs/sports/images/nba/players/50/50932.png, @ ,,,,,,,0,0,,0,0,0,,0,0
Ariel Atkins,PG/SG,LAS,Showdown Captain Mode,Wed Aug 05 2026 01:00:00 GMT-0500 (Central Daylight Time),Showdown Captain Mode 8/5 9:00PM ( @ ),8400,43755487,0,0,0,25.2,,,,,,,,,,,,,,,,,,,,https://dkn.gs/sports/images/nba/players/50/50932.png,,,,,,,8/5/2026,Ariel Atkins,,,,,,,,,,,,,,,,,,,,,7800,https://dkn.gs/sports/images/nba/players/50/50932.png, @ ,,,,,,,0,0,,0,0,0,,0,0
Courtney Vandersloot,CPT,CHI,Showdown Captain Mode,Wed Aug 05 2026 01:00:00 GMT-0500 (Central Daylight Time),Showdown Captain Mode 8/5 9:00PM ( @ ),12300,43755516,0,0,0,36.9,,,,,,,,,,,,,,,,,,,,https://dkn.gs/sports/images/nba/players/50/50775.png,,,,,,,8/5/2026,Courtney Vandersloot,,,,,,,,,,,,,,,,,,,,,7600,https://dkn.gs/sports/images/nba/players/50/50775.png, @ ,,,,,,,0,0,,0,0,0,,0,0
Courtney Vandersloot,PG/SG,CHI,Showdown Captain Mode,Wed Aug 05 2026 01:00:00 GMT-0500 (Central Daylight Time),Showdown Captain Mode 8/5 9:00PM ( @ ),8200,43755488,0,0,0,24.6,,,,,,,,,,,,,,,,,,,,https://dkn.gs/sports/images/nba/players/50/50775.png,,,,,,,8/5/2026,Courtney Vandersloot,,,,,,,,,,,,,,,,,,,,,7600,https://dkn.gs/sports/images/nba/players/50/50775.png, @ ,,,,,,,0,0,,0,0,0,,0,0
Natasha Cloud,CPT,CHI,Showdown Captain Mode,Wed Aug 05 2026 01:00:00 GMT-0500 (Central Daylight Time),Showdown Captain Mode 8/5 9:00PM ( @ ),12000,43755517,0,0,0,36,,,,,,,,,,,,,,,,,,,,https://dkn.gs/sports/images/nba/players/50/50929.png,,,,,,,8/5/2026,Natasha Cloud,,,,,,,,,,,,,,,,,,,,,7700,https://dkn.gs/sports/images/nba/players/50/50929.png, @ ,,,,,,,0,0,,0,0,0,,0,0
Natasha Cloud,PG/SG,CHI,Showdown Captain Mode,Wed Aug 05 2026 01:00:00 GMT-0500 (Central Daylight Time),Showdown Captain Mode 8/5 9:00PM ( @ ),8000,43755489,0,0,0,24,,,,,,,,,,,,,,,,,,,,https://dkn.gs/sports/images/nba/players/50/50929.png,,,,,,,8/5/2026,Natasha Cloud,,,,,,,,,,,,,,,,,,,,,7700,https://dkn.gs/sports/images/nba/players/50/50929.png, @ ,,,,,,,0,0,,0,0,0,,0,0
Erica Wheeler,CPT,LAS,Showdown Captain Mode,Wed Aug 05 2026 01:00:00 GMT-0500 (Central Daylight Time),Showdown Captain Mode 8/5 9:00PM ( @ ),11700,43755518,0,0,0,35.1,,,,,,,,,,,,,,,,,,,,https://dkn.gs/sports/images/nba/players/50/50820.png,,,,,,,8/5/2026,Erica Wheeler,,,,,,,,,,,,,,,,,,,,,7400,https://dkn.gs/sports/images/nba/players/50/50820.png, @ ,,,,,,,0,0,,0,0,0,,0,0
Erica Wheeler,PG/SG,LAS,Showdown Captain Mode,Wed Aug 05 2026 01:00:00 GMT-0500 (Central Daylight Time),Showdown Captain Mode 8/5 9:00PM ( @ ),7800,43755490,0,0,0,23.4,,,,,,,,,,,,,,,,,,,,https://dkn.gs/sports/images/nba/players/50/50820.png,,,,,,,8/5/2026,Erica Wheeler,,,,,,,,,,,,,,,,,,,,,7400,https://dkn.gs/sports/images/nba/players/50/50820.png, @ ,,,,,,,0,0,,0,0,0,,0,0
Cameron Brink,CPT,LAS,Showdown Captain Mode,Wed Aug 05 2026 01:00:00 GMT-0500 (Central Daylight Time),Showdown Captain Mode 8/5 9:00PM ( @ ),11100,43755519,0,0,0,33.3,,,,,,,,,,,,,,,,,,,,https://dkn.gs/sports/images/nba/players/50/786497.png,,,,,,,8/5/2026,Cameron Brink,,,,,,,,,,,,,,,,,,,,,7100,https://dkn.gs/sports/images/nba/players/50/786497.png, @ ,,,,,,,0,0,,0,0,0,,0,0
Cameron Brink,SF/PF,LAS,Showdown Captain Mode,Wed Aug 05 2026 01:00:00 GMT-0500 (Central Daylight Time),Showdown Captain Mode 8/5 9:00PM ( @ ),7400,43755491,0,0,0,22.2,,,,,,,,,,,,,,,,,,,,https://dkn.gs/sports/images/nba/players/50/786497.png,,,,,,,8/5/2026,Cameron Brink,,,,,,,,,,,,,,,,,,,,,7100,https://dkn.gs/sports/images/nba/players/50/786497.png, @ ,,,,,,,0,0,,0,0,0,,0,0
Monique Akoa Makani,CPT,LAS,Showdown Captain Mode,Wed Aug 05 2026 01:00:00 GMT-0500 (Central Daylight Time),Showdown Captain Mode 8/5 9:00PM ( @ ),8700,43755534,0,0,0,26.1,,,,,,,,,,,,,,,,,,,,https://dkn.gs/sports/images/nba/players/50/886888.png,,,,,,,8/5/2026,Monique Akoa Makani,,,,,,,,,,,,,,,,,,,,,5600,https://dkn.gs/sports/images/nba/players/50/886888.png, @ ,,,,,,,0,0,,0,0,0,,0,0
Monique Akoa Makani,PG/SG,LAS,Showdown Captain Mode,Wed Aug 05 2026 01:00:00 GMT-0500 (Central Daylight Time),Showdown Captain Mode 8/5 9:00PM ( @ ),5800,43755506,0,0,0,17.4,,,,,,,,,,,,,,,,,,,,https://dkn.gs/sports/images/nba/players/50/886888.png,,,,,,,8/5/2026,Monique Akoa Makani,,,,,,,,,,,,,,,,,,,,,5600,https://dkn.gs/sports/images/nba/players/50/886888.png, @ ,,,,,,,0,0,,0,0,0,,0,0
Elizabeth Williams,CPT,CHI,Showdown Captain Mode,Wed Aug 05 2026 01:00:00 GMT-0500 (Central Daylight Time),Showdown Captain Mode 8/5 9:00PM ( @ ),8400,43755520,0,0,0,25.2,,,,,,,,,,,,,,,,,,,,https://dkn.gs/sports/images/nba/players/50/50767.png,,,,,,,8/5/2026,Elizabeth Williams,,,,,,,,,,,,,,,,,,,,,5400,https://dkn.gs/sports/images/nba/players/50/50767.png, @ ,,,,,,,0,0,,0,0,0,,0,0
Elizabeth Williams,SF/PF,CHI,Showdown Captain Mode,Wed Aug 05 2026 01:00:00 GMT-0500 (Central Daylight Time),Showdown Captain Mode 8/5 9:00PM ( @ ),5600,43755492,0,0,0,16.8,,,,,,,,,,,,,,,,,,,,https://dkn.gs/sports/images/nba/players/50/50767.png,,,,,,,8/5/2026,Elizabeth Williams,,,,,,,,,,,,,,,,,,,,,5400,https://dkn.gs/sports/images/nba/players/50/50767.png, @ ,,,,,,,0,0,,0,0,0,,0,0
DiJonai Carrington,CPT,CHI,Showdown Captain Mode,Wed Aug 05 2026 01:00:00 GMT-0500 (Central Daylight Time),Showdown Captain Mode 8/5 9:00PM ( @ ),7800,43755521,0,0,0,23.4,,,,,,,,,,,,,,,,,,,,https://dkn.gs/sports/images/nba/players/50/559013.png,,,,,,,8/5/2026,DiJonai Carrington,,,,,,,,,,,,,,,,,,,,,5100,https://dkn.gs/sports/images/nba/players/50/559013.png, @ ,,,,,,,0,0,,0,0,0,,0,0
DiJonai Carrington,PG/SG,CHI,Showdown Captain Mode,Wed Aug 05 2026 01:00:00 GMT-0500 (Central Daylight Time),Showdown Captain Mode 8/5 9:00PM ( @ ),5200,43755493,0,0,0,15.6,,,,,,,,,,,,,,,,,,,,https://dkn.gs/sports/images/nba/players/50/559013.png,,,,,,,8/5/2026,DiJonai Carrington,,,,,,,,,,,,,,,,,,,,,5100,https://dkn.gs/sports/images/nba/players/50/559013.png, @ ,,,,,,,0,0,,0,0,0,,0,0
Aicha Coulibaly,CPT,CHI,Showdown Captain Mode,Wed Aug 05 2026 01:00:00 GMT-0500 (Central Daylight Time),Showdown Captain Mode 8/5 9:00PM ( @ ),7200,43755522,0,0,0,21.6,,,,,,,,,,,,,,,,,,,,https://dkn.gs/sports/images/nba/players/50/890770.png,,,,,,,8/5/2026,Aicha Coulibaly,,,,,,,,,,,,,,,,,,,,,4900,https://dkn.gs/sports/images/nba/players/50/890770.png, @ ,,,,,,,0,0,,0,0,0,,0,0
Aicha Coulibaly,PG/SG,CHI,Showdown Captain Mode,Wed Aug 05 2026 01:00:00 GMT-0500 (Central Daylight Time),Showdown Captain Mode 8/5 9:00PM ( @ ),4800,43755494,0,0,0,14.4,,,,,,,,,,,,,,,,,,,,https://dkn.gs/sports/images/nba/players/50/890770.png,,,,,,,8/5/2026,Aicha Coulibaly,,,,,,,,,,,,,,,,,,,,,4900,https://dkn.gs/sports/images/nba/players/50/890770.png, @ ,,,,,,,0,0,,0,0,0,,0,0
Gabriela Jaquez,CPT,CHI,Showdown Captain Mode,Wed Aug 05 2026 01:00:00 GMT-0500 (Central Daylight Time),Showdown Captain Mode 8/5 9:00PM ( @ ),6300,43755523,0,0,0,18.9,,,,,,,,,,,,,,,,,,,,https://dkn.gs/sports/images/nba/players/50/967835.png,,,,,,,8/5/2026,Gabriela Jaquez,,,,,,,,,,,,,,,,,,,,,4400,https://dkn.gs/sports/images/nba/players/50/967835.png, @ ,,,,,,,0,0,,0,0,0,,0,0
Gabriela Jaquez,PG/SG,CHI,Showdown Captain Mode,Wed Aug 05 2026 01:00:00 GMT-0500 (Central Daylight Time),Showdown Captain Mode 8/5 9:00PM ( @ ),4200,43755495,0,0,0,12.6,,,,,,,,,,,,,,,,,,,,https://dkn.gs/sports/images/nba/players/50/967835.png,,,,,,,8/5/2026,Gabriela Jaquez,,,,,,,,,,,,,,,,,,,,,4400,https://dkn.gs/sports/images/nba/players/50/967835.png, @ ,,,,,,,0,0,,0,0,0,,0,0
Jacy Sheldon,CPT,CHI,Showdown Captain Mode,Wed Aug 05 2026 01:00:00 GMT-0500 (Central Daylight Time),Showdown Captain Mode 8/5 9:00PM ( @ ),5700,43755524,0,0,0,17.1,,,,,,,,,,,,,,,,,,,,https://dkn.gs/sports/images/nba/players/50/786495.png,,,,,,,8/5/2026,Jacy Sheldon,,,,,,,,,,,,,,,,,,,,,4100,https://dkn.gs/sports/images/nba/players/50/786495.png, @ ,,,,,,,0,0,,0,0,0,,0,0
Jacy Sheldon,PG/SG,CHI,Showdown Captain Mode,Wed Aug 05 2026 01:00:00 GMT-0500 (Central Daylight Time),Showdown Captain Mode 8/5 9:00PM ( @ ),3800,43755496,0,0,0,11.4,,,,,,,,,,,,,,,,,,,,https://dkn.gs/sports/images/nba/players/50/786495.png,,,,,,,8/5/2026,Jacy Sheldon,,,,,,,,,,,,,,,,,,,,,4100,https://dkn.gs/sports/images/nba/players/50/786495.png, @ ,,,,,,,0,0,,0,0,0,,0,0
Jihyun Park,CPT,LAS,Showdown Captain Mode,Wed Aug 05 2026 01:00:00 GMT-0500 (Central Daylight Time),Showdown Captain Mode 8/5 9:00PM ( @ ),5100,43755525,0,0,0,15.3,,,,,,,,,,,,,,,,,,,,https://dkn.gs/sports/images/nba/players/50/583209.png,,,,,,,8/5/2026,Jihyun Park,,,,,,,,,,,,,,,,,,,,,3800,https://dkn.gs/sports/images/nba/players/50/583209.png, @ ,,,,,,,0,0,,0,0,0,,0,0
Jihyun Park,SF/PF,LAS,Showdown Captain Mode,Wed Aug 05 2026 01:00:00 GMT-0500 (Central Daylight Time),Showdown Captain Mode 8/5 9:00PM ( @ ),3400,43755497,0,0,0,10.2,,,,,,,,,,,,,,,,,,,,https://dkn.gs/sports/images/nba/players/50/583209.png,,,,,,,8/5/2026,Jihyun Park,,,,,,,,,,,,,,,,,,,,,3800,https://dkn.gs/sports/images/nba/players/50/583209.png, @ ,,,,,,,0,0,,0,0,0,,0,0
Chance Gray,CPT,LAS,Showdown Captain Mode,Wed Aug 05 2026 01:00:00 GMT-0500 (Central Daylight Time),Showdown Captain Mode 8/5 9:00PM ( @ ),4500,43755526,0,0,0,13.5,,,,,,,,,,,,,,,,,,,,https://dkn.gs/sports/images/nba/players/50/967858.png,,,,,,,8/5/2026,Chance Gray,,,,,,,,,,,,,,,,,,,,,3500,https://dkn.gs/sports/images/nba/players/50/967858.png, @ ,,,,,,,0,0,,0,0,0,,0,0
Chance Gray,PG/SG,LAS,Showdown Captain Mode,Wed Aug 05 2026 01:00:00 GMT-0500 (Central Daylight Time),Showdown Captain Mode 8/5 9:00PM ( @ ),3000,43755498,0,0,0,9,,,,,,,,,,,,,,,,,,,,https://dkn.gs/sports/images/nba/players/50/967858.png,,,,,,,8/5/2026,Chance Gray,,,,,,,,,,,,,,,,,,,,,3500,https://dkn.gs/sports/images/nba/players/50/967858.png, @ ,,,,,,,0,0,,0,0,0,,0,0
Rachel Banham,CPT,CHI,Showdown Captain Mode,Wed Aug 05 2026 01:00:00 GMT-0500 (Central Daylight Time),Showdown Captain Mode 8/5 9:00PM ( @ ),3900,43755527,0,0,0,11.7,,,,,,,,,,,,,,,,,,,,https://dkn.gs/sports/images/nba/players/50/50796.png,,,,,,,8/5/2026,Rachel Banham,,,,,,,,,,,,,,,,,,,,,3400,https://dkn.gs/sports/images/nba/players/50/50796.png, @ ,,,,,,,0,0,,0,0,0,,0,0
Rachel Banham,PG/SG,CHI,Showdown Captain Mode,Wed Aug 05 2026 01:00:00 GMT-0500 (Central Daylight Time),Showdown Captain Mode 8/5 9:00PM ( @ ),2600,43755499,0,0,0,7.8,,,,,,,,,,,,,,,,,,,,https://dkn.gs/sports/images/nba/players/50/50796.png,,,,,,,8/5/2026,Rachel Banham,,,,,,,,,,,,,,,,,,,,,3400,https://dkn.gs/sports/images/nba/players/50/50796.png, @ ,,,,,,,0,0,,0,0,0,,0,0
Kiana Williams,CPT,LAS,Showdown Captain Mode,Wed Aug 05 2026 01:00:00 GMT-0500 (Central Daylight Time),Showdown Captain Mode 8/5 9:00PM ( @ ),3000,43755528,0,0,0,9,,,,,,,,,,,,,,,,,,,,https://dkn.gs/sports/images/nba/players/50/559041.png,,,,,,,8/5/2026,Kiana Williams,,,,,,,,,,,,,,,,,,,,,3000,https://dkn.gs/sports/images/nba/players/50/559041.png, @ ,,,,,,,0,0,,0,0,0,,0,0
Kiana Williams,PG/SG,LAS,Showdown Captain Mode,Wed Aug 05 2026 01:00:00 GMT-0500 (Central Daylight Time),Showdown Captain Mode 8/5 9:00PM ( @ ),2000,43755500,0,0,0,6,,,,,,,,,,,,,,,,,,,,https://dkn.gs/sports/images/nba/players/50/559041.png,,,,,,,8/5/2026,Kiana Williams,,,,,,,,,,,,,,,,,,,,,3000,https://dkn.gs/sports/images/nba/players/50/559041.png, @ ,,,,,,,0,0,,0,0,0,,0,0
Emma Cannon,CPT,LAS,Showdown Captain Mode,Wed Aug 05 2026 01:00:00 GMT-0500 (Central Daylight Time),Showdown Captain Mode 8/5 9:00PM ( @ ),3000,43755529,0,0,0,9,,,,,,,,,,,,,,,,,,,,https://dkn.gs/sports/images/nba/players/50/116201.png,,,,,,,8/5/2026,Emma Cannon,,,,,,,,,,,,,,,,,,,,,3000,https://dkn.gs/sports/images/nba/players/50/116201.png, @ ,,,,,,,0,0,,0,0,0,,0,0
Emma Cannon,SF/PF,LAS,Showdown Captain Mode,Wed Aug 05 2026 01:00:00 GMT-0500 (Central Daylight Time),Showdown Captain Mode 8/5 9:00PM ( @ ),2000,43755501,0,0,0,6,,,,,,,,,,,,,,,,,,,,https://dkn.gs/sports/images/nba/players/50/116201.png,,,,,,,8/5/2026,Emma Cannon,,,,,,,,,,,,,,,,,,,,,3000,https://dkn.gs/sports/images/nba/players/50/116201.png, @ ,,,,,,,0,0,,0,0,0,,0,0
Kate Martin,CPT,LAS,Showdown Captain Mode,Wed Aug 05 2026 01:00:00 GMT-0500 (Central Daylight Time),Showdown Captain Mode 8/5 9:00PM ( @ ),3000,43755530,0,0,0,9,,,,,,,,,,,,,,,,,,,,https://dkn.gs/sports/images/nba/players/50/786523.png,,,,,,,8/5/2026,Kate Martin,,,,,,,,,,,,,,,,,,,,,3000,https://dkn.gs/sports/images/nba/players/50/786523.png, @ ,,,,,,,0,0,,0,0,0,,0,0
Kate Martin,PG/SG,LAS,Showdown Captain Mode,Wed Aug 05 2026 01:00:00 GMT-0500 (Central Daylight Time),Showdown Captain Mode 8/5 9:00PM ( @ ),2000,43755502,0,0,0,6,,,,,,,,,,,,,,,,,,,,https://dkn.gs/sports/images/nba/players/50/786523.png,,,,,,,8/5/2026,Kate Martin,,,,,,,,,,,,,,,,,,,,,3000,https://dkn.gs/sports/images/nba/players/50/786523.png, @ ,,,,,,,0,0,,0,0,0,,0,0
Maddy Westbeld,CPT,CHI,Showdown Captain Mode,Wed Aug 05 2026 01:00:00 GMT-0500 (Central Daylight Time),Showdown Captain Mode 8/5 9:00PM ( @ ),3000,43755535,0,0,0,9,,,,,,,,,,,,,,,,,,,,https://dkn.gs/sports/images/nba/players/50/890771.png,,,,,,,8/5/2026,Maddy Westbeld,,,,,,,,,,,,,,,,,,,,,3000,https://dkn.gs/sports/images/nba/players/50/890771.png, @ ,,,,,,,0,0,,0,0,0,,0,0
Maddy Westbeld,SF/PF,CHI,Showdown Captain Mode,Wed Aug 05 2026 01:00:00 GMT-0500 (Central Daylight Time),Showdown Captain Mode 8/5 9:00PM ( @ ),2000,43755507,0,0,0,6,,,,,,,,,,,,,,,,,,,,https://dkn.gs/sports/images/nba/players/50/890771.png,,,,,,,8/5/2026,Maddy Westbeld,,,,,,,,,,,,,,,,,,,,,3000,https://dkn.gs/sports/images/nba/players/50/890771.png, @ ,,,,,,,0,0,,0,0,0,,0,0
Tonie Morgan,CPT,LAS,Showdown Captain Mode,Wed Aug 05 2026 01:00:00 GMT-0500 (Central Daylight Time),Showdown Captain Mode 8/5 9:00PM ( @ ),3000,43755536,0,0,0,9,,,,,,,,,,,,,,,,,,,,https://dkn.gs/sports/images/nba/teams/50/36137.png,,,,,,,8/5/2026,Tonie Morgan,,,,,,,,,,,,,,,,,,,,,3000,https://dkn.gs/sports/images/nba/teams/50/36137.png, @ ,,,,,,,0,0,,0,0,0,,0,0
Tonie Morgan,PG/SG,LAS,Showdown Captain Mode,Wed Aug 05 2026 01:00:00 GMT-0500 (Central Daylight Time),Showdown Captain Mode 8/5 9:00PM ( @ ),2000,43755508,0,0,0,6,,,,,,,,,,,,,,,,,,,,https://dkn.gs/sports/images/nba/teams/50/36137.png,,,,,,,8/5/2026,Tonie Morgan,,,,,,,,,,,,,,,,,,,,,3000,https://dkn.gs/sports/images/nba/teams/50/36137.png, @ ,,,,,,,0,0,,0,0,0,,0,0
Rickea Jackson,CPT,CHI,Showdown Captain Mode,Wed Aug 05 2026 01:00:00 GMT-0500 (Central Daylight Time),Showdown Captain Mode 8/5 9:00PM ( @ ),3000,43755537,0,0,0,9,,,,,,,,,,,,,,,,,,,,https://dkn.gs/sports/images/nba/players/50/786496.png,,,,,,,8/5/2026,Rickea Jackson,,,,,,,,,,,,,,,,,,,,,3000,https://dkn.gs/sports/images/nba/players/50/786496.png, @ ,,,,,,,0,0,,0,0,0,,0,0
Rickea Jackson,SF/PF,CHI,Showdown Captain Mode,Wed Aug 05 2026 01:00:00 GMT-0500 (Central Daylight Time),Showdown Captain Mode 8/5 9:00PM ( @ ),2000,43755509,0,0,0,6,,,,,,,,,,,,,,,,,,,,https://dkn.gs/sports/images/nba/players/50/786496.png,,,,,,,8/5/2026,Rickea Jackson,,,,,,,,,,,,,,,,,,,,,3000,https://dkn.gs/sports/images/nba/players/50/786496.png, @ ,,,,,,,0,0,,0,0,0,,0,0
Alissa Pili,CPT,LAS,Showdown Captain Mode,Wed Aug 05 2026 01:00:00 GMT-0500 (Central Daylight Time),Showdown Captain Mode 8/5 9:00PM ( @ ),3000,43755538,0,0,0,9,,,,,,,,,,,,,,,,,,,,https://dkn.gs/sports/images/nba/players/50/786498.png,,,,,,,8/5/2026,Alissa Pili,,,,,,,,,,,,,,,,,,,,,3000,https://dkn.gs/sports/images/nba/players/50/786498.png, @ ,,,,,,,0,0,,0,0,0,,0,0
Alissa Pili,SF/PF,LAS,Showdown Captain Mode,Wed Aug 05 2026 01:00:00 GMT-0500 (Central Daylight Time),Showdown Captain Mode 8/5 9:00PM ( @ ),2000,43755510,0,0,0,6,,,,,,,,,,,,,,,,,,,,https://dkn.gs/sports/images/nba/players/50/786498.png,,,,,,,8/5/2026,Alissa Pili,,,,,,,,,,,,,,,,,,,,,3000,https://dkn.gs/sports/images/nba/players/50/786498.png, @ ,,,,,,,0,0,,0,0,0,,0,0